Formatted Date,avg_temp,avg_humidity,avg_wind_speed
2006-01-01,3.8731481481481485,0.8183333333333334,21.37275
2006-01-02,5.4185185185185185,0.8445833333333334,17.551683333333333
2006-01-03,2.3194444444444446,0.8983333333333333,8.417616666666666
2006-01-04,2.2751207729468605,0.9047826086956521,11.552800000000001
2006-01-05,2.6358585858585863,0.9472727272727273,9.649754545454545
2006-01-06,2.5118055555555565,0.9470833333333334,5.665858333333333
2006-01-07,0.9928240740740741,0.9358333333333334,6.699612500000001
2006-01-08,-1.0280092592592596,0.86875,5.2895208333333334
2006-01-09,-1.8486111111111108,0.7970833333333333,5.247929166666666
2006-01-10,-0.7684343434343434,0.8304545454545454,3.5478545454545456
2006-01-11,-1.447222222222222,0.8970833333333333,5.1218125
2006-01-12,-0.38333333333333314,0.8858333333333334,4.609295833333333
2006-01-13,-0.3763888888888882,0.9237500000000001,6.4715291666666666
2006-01-14,-0.9592592592592593,0.8920833333333333,6.822375000000001
2006-01-15,-3.1789351851851855,0.8620833333333334,7.379837500000001
2006-01-16,-3.5965277777777778,0.8175,2.636375
2006-01-17,-3.863888888888889,0.895,12.007245833333334
2006-01-18,1.8513888888888888,0.92625,12.788095833333335
2006-01-19,-0.9833333333333334,0.7970833333333333,17.83075
2006-01-20,-2.326157407407407,0.8304166666666667,7.765566666666667
2006-01-21,0.6664351851851847,0.8579166666666667,8.149283333333335
2006-01-22,-2.4613425925925925,0.8133333333333334,19.317316666666667
2006-01-23,-11.481944444444444,0.6770833333333334,16.5487875
2006-01-24,-10.785185185185185,0.7770833333333332,5.031250000000001
2006-01-25,-9.86875,0.7858333333333333,4.285283333333333
2006-01-26,-7.95787037037037,0.7075,9.368858333333334
2006-01-27,-6.700462962962963,0.6887500000000001,6.508425
2006-01-28,-3.796759259259259,0.7195833333333334,5.266041666666667
2006-01-29,0.4884259259259261,0.6808333333333333,8.5309875
2006-01-30,-0.14490740740740723,0.7779166666666666,5.987858333333333
2006-01-31,-1.3456018518518518,0.8858333333333334,8.427679166666667
2006-02-01,-1.9412037037037038,0.8633333333333333,6.821033333333333
2006-02-02,-3.3625000000000003,0.9125000000000001,5.49815
2006-02-03,-3.4634259259259257,0.7958333333333334,3.9002250000000003
2006-02-04,-3.6999999999999997,0.805,7.9312625
2006-02-05,-5.406481481481482,0.7045833333333333,14.817366666666667
2006-02-06,-6.923611111111111,0.66625,15.503629166666668
2006-02-07,-5.962962962962963,0.6441666666666667,12.256795833333335
2006-02-08,-1.8217592592592589,0.9033333333333333,11.558458333333334
2006-02-09,-1.1685185185185187,0.9258333333333333,9.980658333333334
2006-02-10,-1.3972222222222228,0.9700000000000001,5.182858333333334
2006-02-11,-1.223148148148148,0.9291666666666667,8.153979166666668
2006-02-12,-1.3574074074074076,0.82,12.975929166666667
2006-02-13,-2.38587962962963,0.7949999999999999,8.410908333333333
2006-02-14,-1.1449074074074075,0.8579166666666667,5.392158333333334
2006-02-15,-1.8634259259259258,0.9237500000000001,11.297504166666668
2006-02-16,1.8761574074074077,0.9470833333333334,19.552108333333333
2006-02-17,3.827083333333334,0.9408333333333334,12.735100000000001
2006-02-18,5.809953703703704,0.8224999999999999,14.583916666666667
2006-02-19,7.5851851851851855,0.7374999999999999,11.249875000000001
2006-02-20,8.019444444444444,0.77,16.116770833333334
2006-02-21,7.175505050505051,0.889090909090909,8.873295454545454
2006-02-22,5.072685185185185,0.8595833333333333,9.984683333333335
2006-02-23,1.9444444444444444,0.8537500000000001,9.8854
2006-02-24,3.265972222222222,0.88125,18.23459166666667
2006-02-25,1.8627314814814813,0.9325,5.810087500000001
2006-02-26,0.6849537037037038,0.9120833333333334,11.464541666666667
2006-02-27,-2.1934640522875815,0.7611764705882352,16.77430588235294
2006-02-28,-3.413450292397661,0.7789473684210527,14.607784210526317
2006-03-01,-2.610416666666666,0.8433333333333334,12.462741666666666
2006-03-02,-1.725925925925926,0.8737499999999999,9.594929166666667
2006-03-03,-1.037037037037037,0.8133333333333334,14.658379166666668
2006-03-04,7.332638888888888,0.755,23.117587500000003
2006-03-05,3.4581871345029236,0.8915789473684211,15.861042105263158
2006-03-06,-1.0199074074074075,0.8645833333333334,13.269083333333334
2006-03-07,-0.9497685185185186,0.6795833333333333,18.347291666666667
2006-03-08,-1.2201388888888889,0.6729166666666666,12.589529166666667
2006-03-09,0.3287037037037035,0.75625,19.082525
2006-03-10,4.376620370370371,0.8679166666666666,11.210295833333333
2006-03-11,4.746759259259259,0.8558333333333333,10.210083333333335
2006-03-12,2.750462962962963,0.8008333333333333,24.872487500000002
2006-03-13,-1.4319444444444445,0.8983333333333333,32.858758333333334
2006-03-14,-0.2576388888888887,0.8604166666666666,15.203766666666667
2006-03-15,1.2053240740740738,0.7954166666666667,5.6189
2006-03-16,2.6865740740740747,0.8133333333333334,3.7170875
2006-03-17,3.3324074074074073,0.8541666666666666,7.836675
2006-03-18,3.2782407407407415,0.8345833333333333,4.6971750000000005
2006-03-19,3.8178240740740734,0.7891666666666667,7.260429166666667
2006-03-20,5.7689814814814815,0.74375,11.132479166666668
2006-03-21,8.743981481481482,0.7145833333333332,12.9444
2006-03-22,10.977546296296296,0.8495833333333334,9.3541
2006-03-23,5.803703703703704,0.7441666666666666,24.792658333333335
2006-03-24,3.0217592592592593,0.66625,14.8743875
2006-03-25,7.003174603174603,0.6880952380952381,13.599900000000002
2006-03-26,12.12962962962963,0.7033333333333334,11.091111111111111
2006-03-27,15.254722222222222,0.662,11.724825000000001
2006-03-28,13.952083333333334,0.6970833333333334,16.563545833333333
2006-03-29,10.40925925925926,0.7433333333333333,24.082916666666666
2006-03-30,11.132407407407408,0.58875,19.3300625
2006-03-31,10.51388888888889,0.7904166666666667,12.198433333333334
2006-04-01,12.626851851851852,0.7266666666666667,12.172941666666667
2006-04-02,12.491203703703704,0.7483333333333334,6.947820833333334
2006-04-03,12.25925925925926,0.7404166666666666,6.007983333333333
2006-04-04,9.033564814814815,0.8175,10.915129166666667
2006-04-05,10.241435185185185,0.7429166666666666,13.683658333333334
2006-04-06,6.986111111111112,0.9083333333333333,14.762358333333333
2006-04-07,6.8805555555555555,0.6929166666666666,12.711620833333335
2006-04-08,7.900000000000001,0.65625,7.3925833333333335
2006-04-09,10.31875,0.62625,12.217887500000002
2006-04-10,14.181481481481482,0.6,18.354000000000003
2006-04-11,12.374537037037037,0.8320833333333333,14.945495833333334
2006-04-12,8.370601851851852,0.805,22.205925000000004
2006-04-13,7.518287037037037,0.73625,11.100279166666667
2006-04-14,10.850462962962963,0.7254166666666667,12.028041666666667
2006-04-15,12.600462962962963,0.6716666666666667,9.627129166666666
2006-04-16,14.326620370370371,0.6883333333333334,16.159033333333333
2006-04-17,13.651851851851852,0.73,12.071645833333335
2006-04-18,13.756944444444443,0.7429166666666666,6.5386125
2006-04-19,14.15787037037037,0.8083333333333332,13.0309375
2006-04-20,12.475462962962963,0.9249999999999999,5.2647
2006-04-21,13.399537037037037,0.8887499999999999,6.8082875
2006-04-22,13.799999999999999,0.8170833333333333,4.320166666666667
2006-04-23,15.825694444444444,0.7174999999999999,4.187341666666667
2006-04-24,16.933333333333334,0.6641666666666667,3.323979166666667
2006-04-25,17.293055555555554,0.6749999999999999,8.0600625
2006-04-26,17.880555555555556,0.6529166666666667,5.937545833333334
2006-04-27,16.41712962962963,0.7629166666666666,8.441095833333334
2006-04-28,16.705787037037037,0.665,12.813587500000002
2006-04-29,13.883333333333335,0.5775,20.325579166666667
2006-04-30,13.635416666666666,0.5404166666666667,15.448620833333335
2006-05-01,12.350231481481481,0.7758333333333334,11.386054166666668
2006-05-02,13.681712962962964,0.7683333333333334,9.779408333333334
2006-05-03,13.512037037037038,0.7216666666666667,8.551783333333335
2006-05-04,13.13263888888889,0.6479166666666667,9.5976125
2006-05-05,13.675462962962962,0.6029166666666667,8.689304166666668
2006-05-06,10.900462962962962,0.7425,11.8757625
2006-05-07,12.244212962962962,0.76625,8.147941666666666
2006-05-08,13.737037037037036,0.76375,5.025883333333334
2006-05-09,14.702546296296298,0.7083333333333334,5.052716666666667
2006-05-10,15.094212962962963,0.6479166666666667,12.172941666666667
2006-05-11,12.098379629629628,0.8029166666666666,10.334858333333335
2006-05-12,14.832638888888889,0.6920833333333333,5.6262791666666665
2006-05-13,16.80324074074074,0.6041666666666666,11.109670833333334
2006-05-14,17.031712962962963,0.6608333333333333,9.63585
2006-05-15,16.084490740740744,0.7575,10.748091666666667
2006-05-16,18.015046296296294,0.6516666666666667,9.588220833333333
2006-05-17,16.639583333333334,0.7799999999999999,12.699545833333334
2006-05-18,17.70925925925926,0.6783333333333333,8.645029166666667
2006-05-19,18.45416666666667,0.7120833333333333,14.275333333333334
2006-05-20,18.308101851851852,0.7425,4.624054166666666
2006-05-21,17.884027777777778,0.71125,8.711441666666667
2006-05-22,20.51736111111111,0.6408333333333334,7.8346625
2006-05-23,23.14375,0.6120833333333333,8.251920833333333
2006-05-24,18.456944444444446,0.7516666666666666,17.2853625
2006-05-25,15.633333333333333,0.7083333333333334,10.196666666666667
2006-05-26,16.98541666666667,0.6979166666666666,8.4102375
2006-05-27,18.50462962962963,0.69,18.409679166666667
2006-05-28,18.43078703703704,0.7595833333333334,11.316958333333334
2006-05-29,14.261111111111111,0.8604166666666666,9.398375
2006-05-30,11.366666666666667,0.9204166666666667,11.301529166666667
2006-05-31,11.433564814814815,0.77,17.573820833333333
2006-06-01,12.562077294685992,0.68,7.9464
2006-06-02,11.5,0.9125000000000001,17.118995833333333
2006-06-03,12.146296296296297,0.8754166666666667,8.979104166666668
2006-06-04,12.212268518518519,0.9370833333333333,10.137633333333335
2006-06-05,12.667592592592593,0.7233333333333333,15.636454166666667
2006-06-06,13.396135265700481,0.7234782608695652,7.0007
2006-06-07,13.200462962962964,0.84875,12.4312125
2006-06-08,13.356018518518518,0.77,13.5461375
2006-06-09,15.654398148148147,0.6629166666666667,8.230454166666666
2006-06-10,11.443518518518518,0.8995833333333333,7.7763
2006-06-11,14.102546296296296,0.8245833333333333,5.340504166666666
2006-06-12,18.321759259259256,0.7170833333333334,6.665399999999999
2006-06-13,18.64513888888889,0.6595833333333333,10.8936625
2006-06-14,17.300462962962964,0.6887500000000001,7.2242041666666665
2006-06-15,18.865972222222222,0.6737500000000001,8.770475
2006-06-16,21.6900462962963,0.6304166666666667,3.9062625000000004
2006-06-17,23.52384259259259,0.6641666666666667,6.865308333333334
2006-06-18,24.18726851851852,0.7266666666666667,4.285283333333333
2006-06-19,25.162962962962965,0.6979166666666666,7.047775000000001
2006-06-20,24.962037037037035,0.7145833333333332,10.568979166666667
2006-06-21,24.38287037037037,0.7095833333333333,5.907358333333334
2006-06-22,25.542824074074076,0.6537499999999999,9.064300000000001
2006-06-23,22.31712962962963,0.7775,8.288145833333333
2006-06-24,23.013425925925926,0.8058333333333333,10.4509125
2006-06-25,25.066435185185185,0.7508333333333334,4.667658333333334
2006-06-26,26.665740740740745,0.68125,9.6740875
2006-06-27,27.480555555555554,0.6687500000000001,6.831766666666667
2006-06-28,26.24560185185185,0.6991666666666667,8.303575
2006-06-29,23.64398148148148,0.7766666666666667,8.310283333333333
2006-06-30,20.219907407407405,0.8683333333333333,13.219441666666667
2006-07-01,19.086574074074075,0.8783333333333333,7.44625
2006-07-02,19.49537037037037,0.8966666666666666,9.156875000000001
2006-07-03,19.366435185185185,0.8650000000000001,6.3091875
2006-07-04,20.420833333333334,0.6804166666666666,5.918091666666666
2006-07-05,21.454589371980678,0.6434782608695653,5.8947
2006-07-06,23.00162037037037,0.6208333333333333,6.788162499999999
2006-07-07,24.56087962962963,0.5599999999999999,10.488479166666666
2006-07-08,23.0707729468599,0.6578260869565217,8.1592
2006-07-09,22.1125,0.7179166666666666,5.736295833333333
2006-07-10,23.83055555555556,0.6441666666666667,6.4319500000000005
2006-07-11,24.43217592592593,0.6433333333333334,5.543095833333333
2006-07-12,23.85289855072464,0.6556521739130435,7.926100000000001
2006-07-13,23.755092592592593,0.665,9.820329166666667
2006-07-14,24.154398148148147,0.67625,7.6615875
2006-07-15,23.089583333333334,0.5533333333333333,12.704241666666668
2006-07-16,20.484953703703702,0.48,11.573216666666667
2006-07-17,20.272685185185185,0.5054166666666667,10.952025
2006-07-18,21.07536231884058,0.5534782608695652,7.5796
2006-07-19,21.095925925925926,0.6506666666666666,6.450733333333334
2006-07-20,27.755555555555556,0.4933333333333334,3.9489722222222223
2006-07-21,26.419212962962963,0.6070833333333333,4.416095833333333
2006-07-22,26.514583333333334,0.6175,8.524279166666668
2006-07-23,24.803472222222222,0.7341666666666667,4.87025
2006-07-24,24.852314814814815,0.7379166666666667,4.907816666666666
2006-07-25,25.613657407407405,0.6645833333333333,5.889245833333334
2006-07-26,26.197222222222223,0.6829166666666667,6.442683333333334
2006-07-27,26.618981481481484,0.6458333333333334,5.220425
2006-07-28,27.131481481481483,0.6066666666666667,3.982066666666667
2006-07-29,26.330092592592592,0.6345833333333334,7.200054166666667
2006-07-30,22.65869565217391,0.7960869565217391,8.6478
2006-07-31,25.146990740740737,0.6808333333333333,4.893058333333333
2006-08-01,25.824305555555554,0.6329166666666667,6.796883333333334
2006-08-02,21.0599537037037,0.78875,11.470579166666667
2006-08-03,19.834722222222222,0.82875,8.291500000000001
2006-08-04,18.59565217391304,0.9239130434782609,7.4662
2006-08-05,17.121717171717172,0.8377272727272728,7.77264090909091
2006-08-06,18.854292929292928,0.7422727272727273,8.350777272727273
2006-08-07,18.65023148148148,0.8170833333333333,8.070795833333333
2006-08-08,18.543287037037036,0.8383333333333334,13.287195833333334
2006-08-09,19.619212962962962,0.7525,9.037466666666667
2006-08-10,18.745601851851852,0.7854166666666668,8.534341666666666
2006-08-11,19.935879629629632,0.6833333333333332,12.2017875
2006-08-12,18.387268518518518,0.7687499999999999,8.661129166666667
2006-08-13,18.285185185185185,0.8920833333333333,7.248354166666666
2006-08-14,18.52294685990338,0.8347826086956521,6.865600000000001
2006-08-15,19.63768115942029,0.7491304347826088,7.3479
2006-08-16,21.258796296296296,0.6587500000000001,10.1651375
2006-08-17,23.53405797101449,0.6708695652173913,10.816400000000002
2006-08-18,24.95096618357488,0.6943478260869566,11.345600000000001
2006-08-19,25.125925925925927,0.6825,9.2474375
2006-08-20,26.018055555555552,0.6733333333333333,7.216825
2006-08-21,19.53263888888889,0.7808333333333333,11.109670833333332
2006-08-22,18.773737373737376,0.6977272727272728,10.703572727272727
2006-08-23,17.54212962962963,0.7679166666666667,10.014870833333333
2006-08-24,18.58131313131313,0.6909090909090909,6.408531818181819
2006-08-25,19.069590643274854,0.7378947368421053,9.03803157894737
2006-08-26,18.597530864197534,0.7233333333333333,6.983822222222223
2006-08-27,19.33187134502924,0.6736842105263158,5.512131578947368
2006-08-28,16.8,0.8377777777777777,10.443533333333333
2006-08-29,14.640123456790125,0.8222222222222223,11.297727777777778
2006-08-30,12.769444444444446,0.896875,10.59480625
2006-08-31,13.907602339181288,0.8026315789473685,21.505363157894738
2006-09-01,15.534795321637427,0.7005263157894737,10.893768421052632
2006-09-02,18.11,0.742,4.570790000000001
2006-09-03,19.45787037037037,0.7458333333333332,7.608591666666666
2006-09-04,23.138636363636365,0.7022727272727273,13.641822727272727
2006-09-05,21.453125,0.6593749999999999,15.29801875
2006-09-06,18.769444444444446,0.6315000000000001,10.791025000000001
2006-09-07,19.448148148148146,0.71625,6.3413875
2006-09-08,17.694444444444446,0.7233333333333333,17.2370625
2006-09-09,15.378935185185185,0.6558333333333334,5.129862500000001
2006-09-10,14.893939393939394,0.6790909090909091,7.63945
2006-09-11,16.693749999999998,0.63,5.301595833333334
2006-09-12,16.67828282828283,0.6436363636363637,6.2929045454545465
2006-09-13,18.82654320987654,0.5555555555555556,11.990922222222222
2006-09-14,18.836666666666666,0.572,15.19035
2006-09-15,19.608024691358025,0.535,14.557083333333335
2006-09-16,20.905864197530864,0.5416666666666666,14.180522222222223
2006-09-17,19.695098039215686,0.6229411764705882,16.722217647058823
2006-09-18,19.78562091503268,0.6852941176470588,12.736994117647058
2006-09-19,17.53090277777778,0.89625,6.7851437500000005
2006-09-20,18.22875816993464,0.8876470588235295,9.521729411764706
2006-09-21,18.40530303030303,0.7486363636363635,10.824322727272728
2006-09-22,16.780555555555555,0.61125,15.3755
2006-09-23,16.231944444444444,0.6725,11.675854166666667
2006-09-24,16.65972222222222,0.73375,5.516933333333334
2006-09-25,18.15625,0.67875,9.624445833333334
2006-09-26,19.405787037037037,0.58625,10.729979166666666
2006-09-27,17.269675925925927,0.7675000000000001,4.729375
2006-09-28,17.128935185185185,0.7845833333333334,6.877383333333333
2006-09-29,16.80138888888889,0.7820833333333334,4.654241666666667
2006-09-30,17.737037037037037,0.765,2.6296666666666666
2006-10-01,18.07777777777778,0.7433333333333333,6.424570833333334
2006-10-02,18.637268518518518,0.77,9.588220833333333
2006-10-03,20.75462962962963,0.6683333333333333,16.676245833333336
2006-10-04,18.13587962962963,0.7591666666666667,10.822554166666668
2006-10-05,14.331481481481482,0.8679166666666666,6.345412500000001
2006-10-06,13.148148148148147,0.7479166666666667,7.757516666666667
2006-10-07,11.94699074074074,0.7958333333333334,5.064791666666667
2006-10-08,12.78816425120773,0.8104347826086957,9.324700000000002
2006-10-09,12.913194444444445,0.7533333333333334,6.577520833333334
2006-10-10,12.745138888888889,0.7645833333333334,5.653783333333333
2006-10-11,13.556018518518519,0.75,7.176575
2006-10-12,13.991062801932369,0.6704347826086956,10.1227
2006-10-13,12.01064814814815,0.7433333333333333,3.0147250000000003
2006-10-14,11.887500000000001,0.7691666666666667,3.4635125
2006-10-15,11.703472222222222,0.78125,7.8266125
2006-10-16,10.306712962962964,0.6458333333333334,16.8426125
2006-10-17,6.260416666666667,0.6566666666666666,8.162029166666667
2006-10-18,6.8812500000000005,0.6941666666666667,8.950258333333334
2006-10-19,8.447916666666666,0.6020833333333333,15.627733333333333
2006-10-20,9.011574074074074,0.6920833333333333,10.281191666666667
2006-10-21,13.794212962962964,0.6045833333333334,9.0180125
2006-10-22,13.748148148148147,0.8408333333333333,7.2128000000000005
2006-10-23,16.276157407407407,0.7620833333333333,11.537662500000001
2006-10-24,18.23888888888889,0.71125,12.403037500000002
2006-10-25,14.48935185185185,0.7791666666666667,8.159345833333335
2006-10-26,14.240096618357489,0.691304347826087,7.219800000000001
2006-10-27,14.787962962962963,0.7050000000000001,7.273175000000001
2006-10-28,14.380787037037038,0.80625,10.725954166666668
2006-10-29,12.733777777777778,0.8964,13.503392000000002
2006-10-30,6.24212962962963,0.6245833333333334,20.797175
2006-10-31,1.9935185185185185,0.6545833333333333,6.729800000000001
2006-11-01,4.188194444444444,0.8308333333333334,9.712995833333332
2006-11-02,2.975462962962963,0.6091666666666666,25.933745833333333
2006-11-03,-1.2136574074074076,0.7383333333333333,13.462954166666668
2006-11-04,-0.04120370370370395,0.7408333333333333,17.695912500000002
2006-11-05,6.474074074074075,0.81625,25.541979166666668
2006-11-06,9.517361111111112,0.7983333333333333,25.633883333333333
2006-11-07,8.492129629629629,0.7370833333333334,16.0537125
2006-11-08,6.802546296296296,0.8158333333333333,6.736508333333333
2006-11-09,10.416898148148148,0.7783333333333333,11.987791666666666
2006-11-10,6.158796296296297,0.6966666666666667,18.333875000000003
2006-11-11,4.099537037037037,0.7408333333333333,12.892075
2006-11-12,5.444179894179895,0.8485714285714285,10.4535
2006-11-13,5.641666666666666,0.7420833333333333,19.560158333333334
2006-11-14,9.294212962962963,0.7691666666666667,12.3507125
2006-11-15,10.240277777777779,0.7945833333333333,8.420970833333334
2006-11-16,11.03912037037037,0.7529166666666667,11.7389125
2006-11-17,11.493055555555555,0.7195833333333334,10.954708333333334
2006-11-18,11.025462962962962,0.7195833333333334,11.4652125
2006-11-19,10.421296296296296,0.7829166666666666,11.830145833333335
2006-11-20,8.843055555555555,0.842,9.97556
2006-11-21,8.632323232323232,0.9168181818181819,10.836763636363637
2006-11-22,9.1989898989899,0.8377272727272728,15.675545454545455
2006-11-23,8.806018518518519,0.9237500000000001,11.086191666666666
2006-11-24,6.657638888888889,0.9433333333333334,8.107691666666668
2006-11-25,9.031018518518518,0.84375,15.561320833333333
2006-11-26,9.272916666666667,0.8458333333333333,12.428529166666669
2006-11-27,6.424305555555556,0.8945833333333333,4.2597916666666675
2006-11-28,3.7562499999999996,0.9795833333333334,3.969320833333333
2006-11-29,3.705246913580246,0.9833333333333333,3.141288888888889
2006-11-30,6.410185185185185,0.9320833333333334,5.0453375
2006-12-01,6.8247685185185185,0.9383333333333334,5.4760125
2006-12-02,5.282638888888889,0.8679166666666668,6.734495833333334
2006-12-03,1.346064814814815,0.9508333333333333,8.0761625
2006-12-04,7.982638888888889,0.8266666666666667,10.8936625
2006-12-05,7.433564814814814,0.9479166666666666,8.005725
2006-12-06,8.172685185185186,0.87875,14.241120833333333
2006-12-07,7.549537037037037,0.8608333333333333,7.944679166666667
2006-12-08,8.772222222222222,0.8220833333333334,13.468320833333335
2006-12-09,9.538194444444445,0.7516666666666666,20.159883333333333
2006-12-10,6.365509259259259,0.9083333333333333,10.4489
2006-12-11,2.763888888888889,0.9145833333333333,4.744804166666667
2006-12-12,1.4754629629629632,0.9704166666666666,9.3359875
2006-12-13,-0.32106481481481464,0.9824999999999999,11.398800000000001
2006-12-14,-0.28402777777777755,0.9783333333333334,12.2259375
2006-12-15,-1.0805555555555555,0.9731818181818181,3.871318181818182
2006-12-16,-1.2840277777777778,0.9733333333333333,4.171241666666667
2006-12-17,-0.5530092592592593,0.9833333333333334,4.713945833333333
2006-12-18,1.929861111111111,0.93,15.336591666666669
2006-12-19,2.303935185185185,0.8891666666666667,19.481670833333336
2006-12-20,0.8002314814814814,0.8091666666666667,11.639629166666667
2006-12-21,0.831712962962963,0.8791666666666668,6.800908333333333
2006-12-22,1.4162037037037043,0.9029166666666667,6.387675000000001
2006-12-23,0.23402777777777764,0.9241666666666667,9.100525
2006-12-24,2.089583333333333,0.9079166666666666,7.2704916666666675
2006-12-25,2.446759259259259,0.9195833333333333,8.755716666666666
2006-12-26,-0.8650462962962964,0.8220833333333334,6.476225
2006-12-27,-2.033796296296296,0.8262499999999999,7.276529166666667
2006-12-28,-4.684490740740741,0.9658333333333333,7.441554166666667
2006-12-29,-1.5537037037037036,0.9354166666666667,7.5790750000000005
2006-12-30,-1.696376811594203,0.9,9.52
2006-12-31,-2.0900462962962965,0.9216666666666667,9.1226625
2007-01-01,3.4960648148148152,0.8925000000000001,14.565133333333334
2007-01-02,3.157175925925926,0.9304166666666666,10.962758333333333
2007-01-03,2.983333333333334,0.82125,17.899175
2007-01-04,2.278019323671498,0.8647826086956522,8.778
2007-01-05,5.620138888888889,0.82375,13.7956875
2007-01-06,6.960869565217391,0.8104347826086957,11.6438
2007-01-07,4.802546296296296,0.8820833333333332,10.883600000000001
2007-01-08,5.572222222222222,0.8930434782608695,9.6593
2007-01-09,7.325694444444444,0.8708333333333332,8.420970833333334
2007-01-10,9.041203703703703,0.84,10.821212500000001
2007-01-11,7.215972222222223,0.895,12.335283333333335
2007-01-12,7.285648148148148,0.7416666666666667,21.934908333333336
2007-01-13,7.25462962962963,0.7116666666666666,13.923816666666667
2007-01-14,7.016203703703702,0.7545833333333333,12.3024125
2007-01-15,4.597916666666667,0.7516666666666666,10.546170833333333
2007-01-16,1.9687499999999998,0.8491666666666666,9.452041666666668
2007-01-17,3.131018518518518,0.8562500000000001,9.307141666666666
2007-01-18,7.583888888888889,0.7885,20.185375
2007-01-19,9.478935185185184,0.7770833333333332,30.6161625
2007-01-20,7.666435185185185,0.7766666666666667,14.6449625
2007-01-21,7.729166666666667,0.8612500000000001,8.270033333333334
2007-01-22,6.384299516908212,0.7556521739130434,8.2299
2007-01-23,6.058796296296297,0.8845833333333334,12.2521
2007-01-24,7.007407407407409,0.8541666666666666,19.283775000000002
2007-01-25,-0.546376811594203,0.8143478260869565,14.837900000000001
2007-01-26,-2.352777777777778,0.7904166666666667,4.529466666666667
2007-01-27,-1.7576388888888888,0.8054166666666666,16.1945875
2007-01-28,0.8976851851851851,0.7341666666666667,21.5397875
2007-01-29,5.450694444444444,0.66125,30.7570375
2007-01-30,4.505787037037037,0.7491666666666666,19.047641666666667
2007-01-31,3.4210648148148146,0.77625,12.615691666666669
2007-02-01,5.79699074074074,0.71375,30.967008333333336
2007-02-02,2.506944444444444,0.7404166666666666,9.324583333333333
2007-02-03,3.87175925925926,0.7783333333333333,21.4673375
2007-02-04,2.161805555555555,0.745,13.418679166666665
2007-02-05,1.9828703703703703,0.7637499999999999,11.569191666666667
2007-02-06,4.909178743961353,0.7295652173913044,9.4675
2007-02-07,6.073842592592592,0.81875,8.618866666666667
2007-02-08,8.114583333333334,0.7720833333333333,15.08704166666667
2007-02-09,7.288194444444444,0.8691666666666666,7.540166666666667
2007-02-10,6.790740740740741,0.9070833333333334,6.690220833333334
2007-02-11,7.607175925925926,0.96625,3.0717458333333334
2007-02-12,7.318518518518519,0.9533333333333333,11.794591666666667
2007-02-13,6.936111111111111,0.9354166666666667,12.357420833333334
2007-02-14,7.159722222222222,0.7891666666666667,13.422033333333333
2007-02-15,5.991203703703704,0.8779166666666667,10.242283333333335
2007-02-16,5.086342592592593,0.8525,7.873570833333333
2007-02-17,2.8354166666666667,0.9033333333333333,10.547512500000002
2007-02-18,2.585185185185185,0.7829166666666666,16.906341666666666
2007-02-19,2.4618055555555554,0.8629166666666667,7.007525
2007-02-20,3.731159420289855,0.8273913043478262,4.8195
2007-02-21,6.686574074074073,0.83625,6.338704166666667
2007-02-22,8.518055555555556,0.86,10.1490375
2007-02-23,3.685648148148148,0.8675,9.060945833333333
2007-02-24,1.7537037037037038,0.6433333333333333,22.5017625
2007-02-25,0.9643518518518519,0.6008333333333333,23.925270833333332
2007-02-26,2.35462962962963,0.8308333333333334,21.027270833333336
2007-02-27,4.511342592592592,0.83875,9.981329166666667
2007-02-28,5.98695652173913,0.7808695652173914,13.309800000000001
2007-03-01,10.816908212560387,0.7543478260869566,15.4252
2007-03-02,7.89537037037037,0.8675,11.379345833333334
2007-03-03,6.94212962962963,0.835,15.210475
2007-03-04,7.317361111111111,0.7454166666666667,23.947408333333332
2007-03-05,4.697826086956522,0.7339130434782608,8.6562
2007-03-06,7.515873015873017,0.6580952380952381,10.279466666666666
2007-03-07,10.383838383838382,0.6427272727272727,18.42718181818182
2007-03-08,10.322463768115941,0.6543478260869565,15.309700000000001
2007-03-09,8.532850241545894,0.8073913043478261,7.6461
2007-03-10,8.2125,0.8475,8.828166666666666
2007-03-11,8.351157407407408,0.7075,13.731958333333333
2007-03-12,8.033564814814815,0.6741666666666667,6.693575
2007-03-13,10.654166666666667,0.6883333333333334,8.802675
2007-03-14,9.962962962962964,0.7020833333333334,4.086045833333334
2007-03-15,9.353623188405798,0.6230434782608696,13.298600000000002
2007-03-16,7.456944444444445,0.6495833333333333,3.738554166666667
2007-03-17,10.27662037037037,0.59375,13.946625000000003
2007-03-18,11.736574074074076,0.5716666666666667,18.950370833333334
2007-03-19,11.286574074074075,0.62625,12.441945833333333
2007-03-20,9.221064814814815,0.7266666666666667,18.2916125
2007-03-21,4.610416666666667,0.8158333333333333,10.350287500000002
2007-03-22,4.750462962962962,0.8220833333333334,10.045058333333333
2007-03-23,6.524537037037038,0.9125000000000001,19.984125000000002
2007-03-24,5.98287037037037,0.8516666666666667,15.299025
2007-03-25,8.53816425120773,0.7278260869565216,12.853399999999999
2007-03-26,7.6463768115942035,0.7852173913043478,8.680000000000001
2007-03-27,7.541435185185185,0.66125,9.003254166666666
2007-03-28,8.275925925925925,0.5895833333333333,15.8403875
2007-03-29,9.040972222222221,0.5979166666666667,14.009683333333333
2007-03-30,8.977314814814815,0.6520833333333333,11.854295833333333
2007-03-31,9.773842592592592,0.6420833333333333,4.981608333333334
2007-04-01,9.95300925925926,0.6766666666666666,7.650854166666666
2007-04-02,9.867592592592592,0.5670833333333333,5.327758333333334
2007-04-03,10.003472222222223,0.5616666666666666,5.8342375
2007-04-04,10.396064814814814,0.5545833333333333,11.982425000000001
2007-04-05,7.843981481481482,0.5008333333333334,17.174675
2007-04-06,10.940972222222221,0.55125,13.965408333333334
2007-04-07,10.738657407407407,0.6108333333333333,11.134491666666667
2007-04-08,10.671296296296296,0.5575,11.622858333333333
2007-04-09,11.371990740740742,0.5470833333333333,7.999016666666667
2007-04-10,13.822453703703703,0.5391666666666667,13.132233333333334
2007-04-11,12.618518518518519,0.6108333333333333,6.539283333333334
2007-04-12,13.83425925925926,0.6220833333333333,4.752183333333334
2007-04-13,14.903703703703703,0.57375,8.785233333333332
2007-04-14,14.273842592592592,0.44625000000000004,11.5658375
2007-04-15,14.182638888888889,0.47291666666666665,14.437004166666668
2007-04-16,11.42199074074074,0.4795833333333333,12.032737500000001
2007-04-17,11.604398148148148,0.5287499999999999,4.652229166666667
2007-04-18,13.467592592592593,0.5025000000000001,18.646483333333332
2007-04-19,9.816203703703705,0.48,9.201820833333334
2007-04-20,12.738888888888887,0.46125,10.848716666666668
2007-04-21,11.678703703703704,0.43375,9.270916666666666
2007-04-22,10.43726851851852,0.45,9.6016375
2007-04-23,11.738425925925926,0.4254166666666667,5.213045833333333
2007-04-24,13.761342592592593,0.5533333333333333,8.699366666666668
2007-04-25,12.629710144927538,0.7339130434782608,10.5763
2007-04-26,14.38287037037037,0.62875,8.481345833333334
2007-04-27,14.833333333333334,0.56875,5.338491666666667
2007-04-28,15.792592592592591,0.48500000000000004,9.044622222222223
2007-04-29,17.018287037037037,0.48625,14.013037500000001
2007-04-30,12.95925925925926,0.5195833333333334,9.209200000000001
2007-05-01,11.075694444444444,0.4216666666666667,12.384254166666667
2007-05-02,9.67175925925926,0.33125,11.294820833333333
2007-05-03,13.991435185185184,0.37833333333333335,10.734004166666667
2007-05-04,15.236574074074076,0.67875,10.961416666666667
2007-05-05,18.863194444444446,0.6591666666666667,11.274695833333334
2007-05-06,15.028472222222222,0.8770833333333333,9.882045833333335
2007-05-07,15.870370370370372,0.77375,8.518241666666666
2007-05-08,16.80925925925926,0.655,10.206058333333333
2007-05-09,14.07337962962963,0.7545833333333333,12.768641666666667
2007-05-10,16.121296296296297,0.735,8.654420833333335
2007-05-11,19.494444444444444,0.5995833333333334,13.660179166666667
2007-05-12,17.534027777777776,0.6025,8.830179166666667
2007-05-13,19.67361111111111,0.5775,7.774958333333334
2007-05-14,21.689351851851853,0.5383333333333333,11.060699999999999
2007-05-15,21.62986111111111,0.5620833333333334,12.342662500000001
2007-05-16,15.945833333333333,0.6958333333333333,11.828804166666666
2007-05-17,15.107870370370371,0.6441666666666667,5.5833458333333335
2007-05-18,12.623842592592593,0.6791666666666667,18.4485875
2007-05-19,14.153703703703703,0.7983333333333333,7.260429166666667
2007-05-20,17.724074074074075,0.7833333333333333,3.516508333333334
2007-05-21,21.719675925925927,0.6541666666666667,10.882929166666665
2007-05-22,21.54699074074074,0.6545833333333334,10.757483333333333
2007-05-23,21.357729468599036,0.6856521739130435,6.9993
2007-05-24,21.39975845410628,0.6682608695652174,10.773700000000002
2007-05-25,20.15625,0.7516666666666666,8.3136375
2007-05-26,22.55023148148148,0.6870833333333334,8.600754166666666
2007-05-27,22.884259259259263,0.6504166666666666,9.197795833333334
2007-05-28,21.19560185185185,0.6929166666666666,13.240908333333335
2007-05-29,17.772685185185185,0.65,9.655975
2007-05-30,15.327083333333334,0.7179166666666666,11.559129166666667
2007-05-31,15.021064814814814,0.6933333333333334,7.2349375
2007-06-01,17.592824074074073,0.6891666666666666,7.700495833333334
2007-06-02,18.53009259259259,0.7141666666666667,7.018258333333335
2007-06-03,20.58287037037037,0.65625,5.447837500000001
2007-06-04,20.410185185185185,0.7050000000000001,10.312720833333334
2007-06-05,19.942824074074075,0.7445833333333334,9.413133333333333
2007-06-06,20.296296296296298,0.7495833333333333,8.350533333333333
2007-06-07,21.15810185185185,0.6683333333333333,7.245
2007-06-08,21.62615740740741,0.6220833333333333,4.6669875
2007-06-09,22.00810185185185,0.6329166666666667,6.620454166666666
2007-06-10,22.64814814814815,0.6095833333333333,6.482933333333334
2007-06-11,21.177777777777777,0.67125,8.649725000000002
2007-06-12,21.253935185185185,0.6687500000000001,6.644604166666666
2007-06-13,21.919565217391302,0.6552173913043479,7.811300000000001
2007-06-14,22.901262626262625,0.6722727272727272,7.657745454545455
2007-06-15,25.186805555555555,0.6033333333333334,9.946445833333334
2007-06-16,21.296064814814816,0.7629166666666666,6.733154166666666
2007-06-17,22.552083333333332,0.6179166666666667,5.4330791666666665
2007-06-18,23.931018518518517,0.5904166666666667,11.180108333333335
2007-06-19,23.427546296296295,0.5833333333333334,7.313425000000001
2007-06-20,25.478009259259256,0.5695833333333333,6.403104166666666
2007-06-21,26.847222222222225,0.5395833333333333,13.334825
2007-06-22,24.32083333333333,0.6016666666666667,11.073445833333333
2007-06-23,22.013657407407408,0.5941666666666666,12.335283333333335
2007-06-24,22.675462962962964,0.51625,6.313883333333333
2007-06-25,26.166666666666668,0.5025000000000001,10.816516666666667
2007-06-26,23.466425120772946,0.5121739130434783,14.6944
2007-06-27,20.404166666666665,0.5266666666666667,9.274270833333334
2007-06-28,17.5859649122807,0.5742105263157895,11.336094736842107
2007-06-29,19.524537037037035,0.5170833333333333,7.864850000000001
2007-06-30,20.50486111111111,0.52375,6.022070833333334
2007-07-01,22.15578703703704,0.49875,6.64125
2007-07-02,24.899074074074075,0.49333333333333335,9.166937500000001
2007-07-03,22.9875,0.5754166666666667,9.641216666666667
2007-07-04,21.17222222222222,0.6679166666666667,13.8359375
2007-07-05,17.34097222222222,0.5883333333333333,23.806533333333334
2007-07-06,19.00601851851852,0.51375,19.051666666666666
2007-07-07,21.489583333333332,0.5012500000000001,12.027370833333334
2007-07-08,22.95138888888889,0.5041666666666667,6.769379166666667
2007-07-09,25.86388888888889,0.48208333333333336,10.929216666666667
2007-07-10,17.655787037037037,0.7404166666666666,13.772208333333333
2007-07-11,16.805324074074075,0.6270833333333333,9.0904625
2007-07-12,18.027546296296297,0.5716666666666667,13.028925000000001
2007-07-13,19.771064814814817,0.5041666666666667,10.992945833333335
2007-07-14,23.50144927536232,0.48,7.5054
2007-07-15,25.999305555555555,0.47750000000000004,7.6615875
2007-07-16,26.97337962962963,0.47041666666666665,7.571025
2007-07-17,28.558796296296297,0.41500000000000004,10.641429166666667
2007-07-18,29.69490740740741,0.4058333333333333,9.589562500000001
2007-07-19,30.105787037037036,0.4245833333333333,6.287720833333334
2007-07-20,30.391203703703706,0.37958333333333333,7.544191666666666
2007-07-21,29.651157407407407,0.4025,6.126720833333334
2007-07-22,30.53148148148148,0.37083333333333335,12.648562500000002
2007-07-23,27.11435185185185,0.37958333333333333,12.583491666666667
2007-07-24,28.097916666666666,0.4183333333333333,16.992208333333334
2007-07-25,21.278935185185187,0.47500000000000003,19.136191666666665
2007-07-26,21.272222222222222,0.42291666666666666,7.7159249999999995
2007-07-27,23.59861111111111,0.41375,5.040641666666667
2007-07-28,26.85648148148148,0.3941666666666667,6.958554166666667
2007-07-29,25.232870370370367,0.465,13.8198375
2007-07-30,17.549305555555556,0.66125,16.87615416666667
2007-07-31,18.122222222222224,0.5216666666666666,10.988920833333333
2007-08-01,18.880324074074075,0.4558333333333333,6.6331999999999995
2007-08-02,21.375925925925927,0.4604166666666667,7.735379166666667
2007-08-03,22.710416666666664,0.48,10.145683333333334
2007-08-04,17.79050925925926,0.7104166666666667,12.6546
2007-08-05,19.894907407407405,0.5991666666666667,12.61435
2007-08-06,22.42175925925926,0.6420833333333333,10.765533333333336
2007-08-07,22.869444444444444,0.6204166666666667,7.934616666666667
2007-08-08,24.240972222222222,0.5258333333333333,5.338491666666667
2007-08-09,25.069444444444443,0.5366666666666667,6.9256833333333345
2007-08-10,24.202083333333334,0.5729166666666666,9.003925
2007-08-11,21.12037037037037,0.6866666666666666,9.535895833333333
2007-08-12,19.73611111111111,0.7475,11.196879166666667
2007-08-13,22.80439814814815,0.6208333333333333,15.7679375
2007-08-14,23.390338164251208,0.5369565217391304,10.0275
2007-08-15,24.623148148148147,0.4991666666666667,6.637225000000001
2007-08-16,26.137962962962963,0.4683333333333333,9.8350875
2007-08-17,26.77592592592593,0.465,8.243870833333334
2007-08-18,23.294212962962963,0.5975,10.772912500000002
2007-08-19,24.114814814814817,0.6091666666666667,9.6781125
2007-08-20,25.033101851851853,0.5658333333333333,13.152358333333334
2007-08-21,23.799537037037037,0.59875,11.301529166666668
2007-08-22,26.498611111111114,0.5179166666666667,12.769983333333334
2007-08-23,29.107175925925926,0.5175,10.229537500000001
2007-08-24,29.37731481481482,0.4945833333333333,11.042587500000002
2007-08-25,27.43009259259259,0.46249999999999997,11.770441666666668
2007-08-26,25.201620370370367,0.44208333333333333,13.768854166666666
2007-08-27,23.64837962962963,0.45249999999999996,6.1709958333333335
2007-08-28,21.779468599033816,0.6339130434782608,11.4702
2007-08-29,20.441666666666666,0.5831818181818181,11.411972727272728
2007-08-30,18.30138888888889,0.7408333333333333,13.683658333333334
2007-08-31,18.68078703703704,0.6008333333333333,10.18325
2007-09-01,19.384722222222223,0.5708333333333334,14.618129166666668
2007-09-02,17.40300925925926,0.57375,10.055120833333334
2007-09-03,17.994212962962965,0.5337500000000001,5.148645833333334
2007-09-04,14.036111111111111,0.7429166666666666,17.006295833333336
2007-09-05,9.681944444444445,0.8579166666666667,15.886675000000002
2007-09-06,9.918287037037038,0.835,9.189075
2007-09-07,9.665972222222223,0.82,4.516720833333333
2007-09-08,13.572222222222223,0.815,10.644783333333335
2007-09-09,15.89050925925926,0.6758333333333333,21.534420833333332
2007-09-10,15.138194444444444,0.6045833333333334,14.444383333333334
2007-09-11,13.335416666666667,0.7683333333333334,12.971904166666668
2007-09-12,13.762037037037038,0.7058333333333334,20.247091666666666
2007-09-13,15.05324074074074,0.6658333333333334,12.001208333333333
2007-09-14,14.941435185185185,0.68,4.452320833333333
2007-09-15,16.062037037037037,0.6491666666666667,15.245358333333334
2007-09-16,15.75787037037037,0.5383333333333333,8.396820833333335
2007-09-17,19.52962962962963,0.5708333333333333,11.015083333333335
2007-09-18,21.338194444444444,0.64125,15.5063125
2007-09-19,13.379166666666668,0.6970833333333334,16.004741666666668
2007-09-20,10.731481481481481,0.63,9.832404166666667
2007-09-21,11.163425925925926,0.61875,4.591854166666667
2007-09-22,12.25763888888889,0.6295833333333333,3.24415
2007-09-23,13.333796296296297,0.6054166666666666,3.7103791666666672
2007-09-24,13.72824074074074,0.6133333333333334,4.905804166666667
2007-09-25,14.533796296296297,0.62625,5.901320833333333
2007-09-26,12.738425925925926,0.7679166666666667,8.190875
2007-09-27,16.35601851851852,0.7854166666666668,13.956687500000001
2007-09-28,15.651388888888889,0.8300000000000001,14.145191666666667
2007-09-29,14.747916666666667,0.7270833333333333,5.571270833333333
2007-09-30,15.123842592592593,0.6825,4.106841666666667
2007-10-01,16.476157407407406,0.6316666666666667,7.153095833333334
2007-10-02,16.38773148148148,0.6537499999999999,6.3816375
2007-10-03,16.490972222222222,0.6033333333333334,6.2702791666666675
2007-10-04,16.191898148148148,0.7370833333333334,4.3423041666666675
2007-10-05,17.085185185185185,0.7766666666666667,7.7501375
2007-10-06,14.830092592592592,0.7675000000000001,10.790354166666667
2007-10-07,12.714583333333335,0.6633333333333333,9.1548625
2007-10-08,11.548232323232325,0.66,3.406613636363637
2007-10-09,11.189166666666667,0.6715,5.896625
2007-10-10,11.843719806763286,0.6769565217391305,9.1119
2007-10-11,12.941898148148148,0.8125,5.343858333333333
2007-10-12,12.91527777777778,0.7654166666666667,7.6012125
2007-10-13,9.209722222222222,0.6891666666666666,14.529579166666666
2007-10-14,5.420833333333333,0.59,7.202066666666667
2007-10-15,5.746527777777778,0.6183333333333333,5.321720833333333
2007-10-16,7.488657407407408,0.6366666666666666,5.11175
2007-10-17,8.17824074074074,0.63125,3.525229166666667
2007-10-18,9.885024154589372,0.6252173913043478,11.470900000000002
2007-10-19,7.600925925925925,0.7170833333333334,19.651391666666665
2007-10-20,4.4185185185185185,0.7245833333333334,10.218133333333334
2007-10-21,5.187037037037037,0.7816666666666666,14.72345
2007-10-22,7.305787037037038,0.8337500000000001,20.644225000000002
2007-10-23,8.583564814814816,0.8941666666666667,15.927595833333333
2007-10-24,6.924305555555556,0.8041666666666667,9.113270833333333
2007-10-25,7.0092592592592595,0.7987500000000001,13.711833333333333
2007-10-26,8.140046296296296,0.8624999999999999,9.632495833333333
2007-10-27,10.571969696969699,0.8068181818181818,9.57584090909091
2007-10-28,10.113194444444446,0.93375,5.0091125000000005
2007-10-29,10.813888888888888,0.8875,9.4325875
2007-10-30,10.75625,0.83125,10.503237500000001
2007-10-31,10.075,0.9025,10.368400000000001
2007-11-01,6.316666666666666,0.8038461538461538,13.623076923076924
2007-11-02,7.125694444444444,0.8141666666666666,7.587795833333334
2007-11-03,7.622946859903382,0.8686956521739131,7.130200000000001
2007-11-04,9.095601851851852,0.8383333333333334,15.1158875
2007-11-05,5.690277777777777,0.7558333333333334,15.180958333333335
2007-11-06,3.430324074074074,0.8095833333333333,8.013104166666666
2007-11-07,5.747222222222223,0.6908333333333333,20.921279166666668
2007-11-08,7.184490740740741,0.7483333333333334,19.6581
2007-11-09,6.487962962962963,0.8145833333333333,15.7759875
2007-11-10,4.93912037037037,0.6916666666666668,24.82150416666667
2007-11-11,3.7557870370370368,0.73375,19.90899166666667
2007-11-12,3.5224537037037034,0.7095833333333333,18.03132916666667
2007-11-13,2.459490740740741,0.7487499999999999,14.608737500000002
2007-11-14,2.964351851851852,0.7225,13.352937500000001
2007-11-15,1.6668981481481484,0.8995833333333333,15.023312500000001
2007-11-16,1.3664351851851855,0.8408333333333333,10.114154166666667
2007-11-17,0.9821759259259258,0.8649999999999999,14.606725000000003
2007-11-18,1.3067129629629632,0.8737499999999999,9.458079166666666
2007-11-19,3.562731481481481,0.8849999999999999,4.9775833333333335
2007-11-20,2.5615740740740742,0.9245833333333334,6.958554166666667
2007-11-21,1.729166666666667,0.84375,10.689729166666666
2007-11-22,4.793287037037038,0.8312499999999999,9.6982375
2007-11-23,6.264120370370371,0.7658333333333333,10.763520833333333
2007-11-24,6.378240740740741,0.8224999999999999,6.0717125
2007-11-25,5.822916666666667,0.8887499999999999,7.934616666666667
2007-11-26,3.394675925925926,0.8366666666666666,17.646941666666667
2007-11-27,1.2763888888888888,0.7208333333333333,21.576683333333335
2007-11-28,-0.4664351851851854,0.71625,10.7004625
2007-11-29,-1.6891203703703705,0.7625000000000001,8.614841666666667
2007-11-30,-0.8435185185185183,0.8391666666666667,7.902416666666667
2007-12-01,1.5831018518518523,0.8850000000000001,9.9115625
2007-12-02,1.6831018518518517,0.9125,9.149495833333335
2007-12-03,5.621527777777778,0.8529166666666667,13.096008333333335
2007-12-04,4.310144927536232,0.7552173913043478,17.9004
2007-12-05,1.6402777777777782,0.7912499999999999,11.423620833333333
2007-12-06,1.1745370370370367,0.8179166666666666,5.302266666666667
2007-12-07,2.9361111111111113,0.8300000000000001,12.5157375
2007-12-08,5.509953703703704,0.9249999999999999,7.487841666666667
2007-12-09,4.291203703703704,0.9320833333333334,5.402220833333334
2007-12-10,5.859027777777777,0.8904166666666667,8.808041666666666
2007-12-11,4.883333333333333,0.9091666666666667,7.9191875000000005
2007-12-12,5.1224537037037035,0.8983333333333333,9.704275
2007-12-13,1.9969907407407408,0.7004166666666666,17.769033333333336
2007-12-14,-2.4324074074074074,0.75875,16.273745833333333
2007-12-15,-3.277777777777778,0.8508333333333334,15.115887500000001
2007-12-16,-1.6837962962962962,0.8954166666666667,10.322783333333334
2007-12-17,-2.379861111111111,0.8112499999999999,11.500766666666669
2007-12-18,-4.002314814814815,0.7995833333333334,6.167641666666667
2007-12-19,-6.829861111111111,0.8925000000000001,5.0882708333333335
2007-12-20,-3.6548611111111113,0.8595833333333333,5.644391666666667
2007-12-21,-3.9243055555555557,0.8866666666666667,2.499525
2007-12-22,-4.956018518518518,0.9004166666666666,4.583804166666667
2007-12-23,-4.343055555555556,0.92,2.934225
2007-12-24,-4.15162037037037,0.8558333333333333,5.547791666666668
2007-12-25,-3.4405092592592594,0.8316666666666667,4.853479166666667
2007-12-26,-3.2004629629629626,0.8408333333333333,6.6976
2007-12-27,-3.986574074074074,0.8629166666666667,4.649545833333334
2007-12-28,-4.154166666666667,0.8675,3.325320833333334
2007-12-29,-5.0717592592592595,0.8850000000000001,5.917420833333334
2007-12-30,-4.78587962962963,0.8708333333333332,5.288179166666667
2007-12-31,-5.384490740740741,0.8604166666666666,2.8282333333333334
2008-01-01,-5.640972222222222,0.8791666666666668,10.178554166666666
2008-01-02,-3.8189814814814818,0.9004166666666666,6.628504166666667
2008-01-03,-4.972453703703704,0.90375,6.992095833333334
2008-01-04,-8.078703703703704,0.8208333333333333,11.346475
2008-01-05,-5.828472222222222,0.7308333333333333,22.581591666666668
2008-01-06,-0.8655092592592591,0.8495833333333334,22.576895833333335
2008-01-07,-1.3094907407407406,0.9529166666666667,8.520254166666668
2008-01-08,-1.2868055555555555,0.9674999999999999,7.614629166666667
2008-01-09,-1.6513888888888888,0.9708333333333333,7.121566666666667
2008-01-10,-1.3733796296296295,0.9625,3.6278666666666672
2008-01-11,0.15949074074074085,0.8579166666666667,10.870854166666668
2008-01-12,2.99212962962963,0.7808333333333334,17.547658333333334
2008-01-13,4.019675925925926,0.7608333333333334,11.8918625
2008-01-14,3.0083333333333333,0.7766666666666667,10.921166666666666
2008-01-15,0.7246031746031747,0.901904761904762,9.422333333333333
2008-01-16,3.091898148148148,0.8008333333333333,20.511400000000002
2008-01-17,4.58263888888889,0.7999999999999999,16.426695833333333
2008-01-18,4.703240740740741,0.8695833333333334,9.953154166666668
2008-01-19,3.2865740740740743,0.96375,8.9455625
2008-01-20,8.33449074074074,0.84375,11.154616666666668
2008-01-21,5.486574074074074,0.855,7.15645
2008-01-22,4.731944444444443,0.8470833333333333,14.988429166666668
2008-01-23,1.4944444444444445,0.6879166666666666,16.998916666666666
2008-01-24,-1.1067129629629628,0.7729166666666667,5.182858333333334
2008-01-25,-0.09305555555555552,0.7970833333333333,7.8843041666666664
2008-01-26,1.0638888888888887,0.7625000000000001,12.7612625
2008-01-27,6.269907407407408,0.68375,36.00295416666667
2008-01-28,2.4113425925925926,0.5499999999999999,20.130366666666667
2008-01-29,-0.15115740740740763,0.7229166666666668,4.528795833333334
2008-01-30,2.2731481481481484,0.6695833333333333,9.5050375
2008-01-31,2.7840277777777778,0.7720833333333333,8.7584
2008-02-01,3.1458333333333335,0.8079166666666667,11.9965125
2008-02-02,6.740972222222222,0.7508333333333334,13.833254166666668
2008-02-03,3.976851851851851,0.7829166666666666,7.596516666666667
2008-02-04,6.648148148148148,0.7583333333333333,20.730091666666667
2008-02-05,6.444675925925925,0.7799999999999999,9.343366666666666
2008-02-06,3.861342592592593,0.90875,5.893270833333333
2008-02-07,5.5562499999999995,0.8058333333333333,20.547625
2008-02-08,4.107407407407407,0.7033333333333333,17.219620833333334
2008-02-09,2.464975845410628,0.8060869565217391,9.2498
2008-02-10,0.8536231884057971,0.8152173913043478,8.1725
2008-02-11,0.47847222222222213,0.7116666666666668,6.533916666666667
2008-02-12,-0.9942129629629629,0.73,5.083575000000001
2008-02-13,-2.365123456790123,0.7594444444444445,6.519605555555556
2008-02-14,0.26064814814814863,0.7766666666666667,7.6495125
2008-02-15,-0.14097222222222242,0.7104166666666667,16.395837500000003
2008-02-16,-4.404861111111111,0.6729166666666666,23.373175000000003
2008-02-17,-5.790740740740741,0.48583333333333334,10.715220833333333
2008-02-18,0.14745370370370353,0.4875,10.649479166666667
2008-02-19,4.843287037037038,0.6058333333333333,14.055970833333333
2008-02-20,3.3030092592592593,0.6595833333333333,6.6908916666666665
2008-02-21,5.4430555555555555,0.6233333333333333,10.804441666666667
2008-02-22,7.2064814814814815,0.6104166666666667,10.588433333333333
2008-02-23,8.643287037037037,0.6433333333333333,15.577420833333335
2008-02-24,9.019907407407407,0.5816666666666667,9.590233333333334
2008-02-25,9.471296296296297,0.5812499999999999,11.7550125
2008-02-26,10.039120370370371,0.6091666666666667,9.197125
2008-02-27,11.457638888888889,0.5495833333333333,13.553516666666667
2008-02-28,7.431481481481481,0.5408333333333334,12.3547375
2008-02-29,8.710185185185185,0.6083333333333333,12.245391666666668
2008-03-01,8.98263888888889,0.6933333333333334,23.691820833333335
2008-03-02,9.18912037037037,0.6166666666666667,22.70234166666667
2008-03-03,10.61875,0.6529166666666667,14.924700000000001
2008-03-04,7.01574074074074,0.685,16.922441666666668
2008-03-05,4.542129629629629,0.6079166666666667,15.4902125
2008-03-06,3.976388888888889,0.5941666666666666,15.690120833333333
2008-03-07,7.0403381642512075,0.6847826086956522,13.2174
2008-03-08,5.362037037037037,0.8608333333333333,12.478170833333335
2008-03-09,7.369907407407408,0.815,10.242954166666667
2008-03-10,8.410185185185185,0.7362500000000001,12.744491666666667
2008-03-11,9.261574074074074,0.72375,10.920495833333334
2008-03-12,9.225462962962963,0.8120833333333334,11.337083333333334
2008-03-13,7.97986111111111,0.60375,23.39464166666667
2008-03-14,7.625,0.6687500000000001,13.923816666666667
2008-03-15,8.261342592592593,0.5675,14.143179166666668
2008-03-16,9.851851851851853,0.70375,14.553058333333334
2008-03-17,10.618981481481482,0.7066666666666667,15.572725
2008-03-18,4.622222222222222,0.66625,14.212945833333334
2008-03-19,2.9681818181818183,0.6622727272727272,14.895427272727273
2008-03-20,2.487037037037037,0.6591666666666667,9.837770833333334
2008-03-21,4.319675925925926,0.59375,18.797420833333334
2008-03-22,6.912962962962964,0.765,16.34955
2008-03-23,5.8009259259259265,0.8358333333333333,10.864145833333334
2008-03-24,5.663657407407407,0.7529166666666667,21.303654166666668
2008-03-25,3.3495370370370376,0.66375,20.106887500000003
2008-03-26,3.1576388888888896,0.53625,15.516375000000002
2008-03-27,6.4937499999999995,0.6016666666666667,13.375075
2008-03-28,11.027546296296295,0.54625,8.682595833333334
2008-03-29,10.195601851851851,0.5179166666666667,11.484666666666667
2008-03-30,9.379468599033816,0.5856521739130435,9.2148
2008-03-31,9.110185185185186,0.5979166666666667,7.4563125
2008-04-01,8.42523148148148,0.6204166666666667,12.470791666666669
2008-04-02,8.49699074074074,0.72625,7.387216666666667
2008-04-03,7.932407407407407,0.7508333333333334,12.578125
2008-04-04,9.26875,0.6325,19.085208333333334
2008-04-05,7.843981481481482,0.8158333333333333,10.948
2008-04-06,8.708796296296297,0.7670833333333333,5.007770833333334
2008-04-07,10.893749999999999,0.6420833333333333,19.782875
2008-04-08,9.03564814814815,0.6204166666666667,10.212766666666667
2008-04-09,13.719212962962963,0.6958333333333333,8.150625
2008-04-10,14.953472222222222,0.6941666666666667,12.9061625
2008-04-11,16.82337962962963,0.6945833333333334,16.450845833333336
2008-04-12,12.357175925925924,0.8279166666666667,11.288112500000002
2008-04-13,11.361574074074076,0.6633333333333333,13.206025000000002
2008-04-14,11.603935185185186,0.6533333333333333,7.636095833333333
2008-04-15,10.400694444444445,0.755,10.898358333333334
2008-04-16,9.725694444444445,0.7691666666666667,18.7021625
2008-04-17,10.199074074074074,0.7066666666666667,12.550620833333333
2008-04-18,12.790046296296296,0.7404166666666666,13.917779166666667
2008-04-19,12.985416666666666,0.78875,12.621058333333332
2008-04-20,15.552777777777779,0.6358333333333334,9.103208333333333
2008-04-21,17.065277777777776,0.64,14.3873625
2008-04-22,13.945601851851853,0.7341666666666667,11.146566666666667
2008-04-23,11.211352657004833,0.8478260869565217,11.3519
2008-04-24,11.22777777777778,0.6833333333333332,10.463658333333333
2008-04-25,11.858796296296296,0.6216666666666667,6.895495833333334
2008-04-26,11.56087962962963,0.6920833333333333,11.27805
2008-04-27,12.508564814814813,0.59,11.888508333333334
2008-04-28,13.100277777777777,0.527,9.878960000000001
2008-04-29,13.551620370370372,0.5629166666666666,5.738979166666667
2008-04-30,14.60300925925926,0.6687500000000001,10.991604166666667
2008-05-01,16.27592592592593,0.6508333333333334,11.810020833333335
2008-05-02,13.942361111111111,0.7154166666666667,12.061583333333333
2008-05-03,12.758564814814816,0.7016666666666667,9.068325
2008-05-04,11.8325,0.7925,6.788565
2008-05-05,12.286805555555555,0.8316666666666667,7.705862499999999
2008-05-06,13.95439814814815,0.77375,11.298845833333333
2008-05-07,13.755092592592591,0.6020833333333333,15.955770833333334
2008-05-08,13.769444444444444,0.5825,4.961483333333334
2008-05-09,14.180555555555557,0.66125,8.855670833333333
2008-05-10,13.90462962962963,0.5820833333333334,13.619929166666667
2008-05-11,12.67986111111111,0.6604166666666667,8.208987500000001
2008-05-12,14.89537037037037,0.60875,4.016279166666667
2008-05-13,16.93009259259259,0.5616666666666666,3.696291666666667
2008-05-14,17.43773148148148,0.5870833333333333,7.745441666666667
2008-05-15,17.782638888888886,0.6091666666666667,7.520041666666667
2008-05-16,19.294444444444444,0.6029166666666667,14.887804166666667
2008-05-17,20.51388888888889,0.6079166666666667,12.589529166666667
2008-05-18,21.02592592592593,0.6375000000000001,8.284791666666667
2008-05-19,20.44050925925926,0.63875,7.17255
2008-05-20,19.36435185185185,0.7866666666666666,12.723695833333332
2008-05-21,17.419212962962963,0.7879166666666667,8.2331375
2008-05-22,15.281944444444443,0.8295833333333333,10.220816666666666
2008-05-23,15.888888888888888,0.7383333333333333,12.427858333333333
2008-05-24,16.916435185185186,0.7395833333333334,7.732025
2008-05-25,19.2837962962963,0.7141666666666667,11.00435
2008-05-26,18.957407407407405,0.6862499999999999,9.331962500000001
2008-05-27,23.093287037037033,0.6154166666666666,10.105433333333334
2008-05-28,24.871527777777782,0.57875,9.9155875
2008-05-29,19.35787037037037,0.48500000000000004,14.098904166666665
2008-05-30,21.199305555555554,0.5825,10.724612500000001
2008-05-31,22.860879629629625,0.6391666666666667,7.026308333333334
2008-06-01,22.716898148148147,0.6175,7.833991666666667
2008-06-02,21.37222222222222,0.6129166666666667,10.6280125
2008-06-03,21.683333333333334,0.48583333333333334,16.241545833333333
2008-06-04,20.572453703703705,0.6133333333333334,10.582395833333333
2008-06-05,18.55439814814815,0.875,7.2711625
2008-06-06,17.108101851851853,0.9141666666666667,10.158429166666666
2008-06-07,18.211574074074075,0.8083333333333332,9.936383333333334
2008-06-08,18.80439814814815,0.77875,6.771391666666666
2008-06-09,20.927777777777777,0.7079166666666667,5.386120833333333
2008-06-10,21.730324074074076,0.6920833333333333,5.716841666666667
2008-06-11,22.014814814814816,0.6858333333333334,7.547545833333333
2008-06-12,20.313194444444445,0.7400000000000001,10.07055
2008-06-13,16.814583333333335,0.8454166666666666,11.633591666666668
2008-06-14,15.98912037037037,0.6954166666666667,9.531870833333334
2008-06-15,15.597916666666668,0.7679166666666667,8.0962875
2008-06-16,17.681250000000002,0.6891666666666666,6.863966666666666
2008-06-17,21.896064814814817,0.645,8.0520125
2008-06-18,19.8125,0.8158333333333334,8.512875
2008-06-19,20.891898148148147,0.70125,6.038841666666666
2008-06-20,23.10972222222222,0.6333333333333334,7.032345833333333
2008-06-21,24.275000000000002,0.5954166666666666,6.876041666666667
2008-06-22,25.436805555555555,0.6041666666666666,5.3029375000000005
2008-06-23,26.660185185185185,0.5866666666666667,8.3699875
2008-06-24,27.05509259259259,0.5945833333333334,9.1991375
2008-06-25,26.045370370370375,0.5841666666666666,7.984929166666667
2008-06-26,26.76898148148148,0.5608333333333333,9.771358333333334
2008-06-27,23.258564814814818,0.7333333333333334,11.998525
2008-06-28,22.521014492753626,0.6173913043478261,13.028400000000001
2008-06-29,23.649074074074075,0.5666666666666667,6.7190666666666665
2008-06-30,24.38888888888889,0.6329166666666667,10.464329166666667
2008-07-01,22.967824074074073,0.6575,8.630270833333334
2008-07-02,24.2474537037037,0.5245833333333333,8.1405625
2008-07-03,24.378472222222225,0.5116666666666666,7.567
2008-07-04,23.33888888888889,0.5599999999999999,18.4284625
2008-07-05,21.71875,0.49333333333333335,17.5550375
2008-07-06,21.64513888888889,0.4741666666666667,10.0202375
2008-07-07,25.681250000000002,0.49333333333333335,13.929854166666667
2008-07-08,20.958333333333332,0.615,15.698170833333334
2008-07-09,20.44537037037037,0.5308333333333334,17.98906666666667
2008-07-10,21.20277777777778,0.54125,11.630908333333332
2008-07-11,23.2525462962963,0.5770833333333333,8.220391666666666
2008-07-12,26.00277777777778,0.47500000000000003,11.858991666666668
2008-07-13,27.191203703703703,0.43416666666666665,15.730370833333334
2008-07-14,22.551157407407405,0.6854166666666667,14.773762500000002
2008-07-15,16.97662037037037,0.82125,16.040966666666666
2008-07-16,20.176388888888887,0.6654166666666667,8.991179166666667
2008-07-17,23.530555555555555,0.5845833333333333,8.558491666666667
2008-07-18,20.523611111111112,0.6974999999999999,13.23151666666667
2008-07-19,20.92037037037037,0.6191666666666666,9.558033333333334
2008-07-20,23.9087962962963,0.5441666666666667,8.489395833333335
2008-07-21,21.01875,0.5479166666666667,16.396508333333333
2008-07-22,15.534953703703705,0.7174999999999999,11.5416875
2008-07-23,14.808796296296295,0.8466666666666667,9.449358333333334
2008-07-24,16.81921296296296,0.8358333333333333,7.4717416666666665
2008-07-25,19.326851851851853,0.815,7.83265
2008-07-26,20.88773148148148,0.8004166666666667,10.064512500000001
2008-07-27,23.20648148148148,0.6816666666666666,15.245358333333334
2008-07-28,23.271990740740744,0.6204166666666667,11.473262499999999
2008-07-29,23.37546296296296,0.5704166666666667,7.835333333333334
2008-07-30,23.96087962962963,0.5983333333333333,5.9992625
2008-07-31,24.40820105820106,0.5847619047619048,7.590000000000001
2008-08-01,25.756481481481483,0.53875,8.954954166666667
2008-08-02,26.352777777777778,0.5166666666666667,10.488479166666666
2008-08-03,25.003472222222225,0.5879166666666666,7.838016666666667
2008-08-04,25.75532407407408,0.5866666666666667,6.923670833333333
2008-08-05,22.083333333333336,0.6638095238095237,13.011866666666668
2008-08-06,21.751388888888886,0.5325,10.1490375
2008-08-07,21.778472222222224,0.5583333333333333,5.386791666666667
2008-08-08,23.7787037037037,0.5975,9.849175
2008-08-09,20.145833333333336,0.7170833333333334,17.74152916666667
2008-08-10,18.830787037037037,0.605,7.552241666666667
2008-08-11,20.517592592592592,0.54625,4.3503541666666665
2008-08-12,24.070138888888888,0.50125,10.462316666666668
2008-08-13,26.769907407407405,0.4779166666666667,10.049083333333334
2008-08-14,28.563194444444445,0.4875,9.376908333333335
2008-08-15,30.26574074074074,0.37833333333333335,20.354425000000003
2008-08-16,22.928240740740737,0.5104166666666666,19.824466666666666
2008-08-17,18.27337962962963,0.5620833333333334,11.657741666666666
2008-08-18,19.825462962962963,0.5070833333333333,9.604991666666669
2008-08-19,21.858333333333334,0.45875,6.669425
2008-08-20,23.624747474747473,0.4636363636363636,9.157972727272728
2008-08-21,24.55787037037037,0.4979166666666666,12.011270833333334
2008-08-22,26.45625,0.45249999999999996,8.585995833333333
2008-08-23,24.18425925925926,0.5441666666666667,13.497166666666667
2008-08-24,17.26388888888889,0.7858333333333333,14.606054166666667
2008-08-25,17.91435185185185,0.6479166666666667,6.965262500000001
2008-08-26,19.75532407407407,0.6133333333333334,6.382979166666666
2008-08-27,20.84907407407407,0.5933333333333334,6.177033333333334
2008-08-28,21.928703703703704,0.6191666666666666,6.9411125
2008-08-29,22.402777777777775,0.6095833333333334,14.708691666666667
2008-08-30,19.589583333333334,0.5333333333333333,12.693508333333334
2008-08-31,17.835416666666664,0.46875,9.882045833333335
2008-09-01,18.72986111111111,0.5354166666666667,5.982491666666667
2008-09-02,20.973148148148148,0.5254166666666666,6.875370833333334
2008-09-03,22.321759259259256,0.5437500000000001,9.462775
2008-09-04,24.3775462962963,0.49041666666666667,12.012612500000001
2008-09-05,24.927083333333332,0.49875,8.816091666666667
2008-09-06,26.755555555555556,0.44375000000000003,13.799041666666668
2008-09-07,28.095138888888886,0.3954166666666667,11.783187500000002
2008-09-08,20.380092592592593,0.7383333333333333,12.369495833333334
2008-09-09,18.204398148148147,0.6704166666666667,8.350533333333333
2008-09-10,19.478703703703705,0.5929166666666666,2.805425
2008-09-11,20.707175925925927,0.6166666666666667,3.9673083333333334
2008-09-12,20.563425925925927,0.6416666666666667,9.299762500000002
2008-09-13,15.080787037037036,0.6020833333333333,21.223154166666667
2008-09-14,11.910185185185185,0.6566666666666666,16.179158333333334
2008-09-15,10.015046296296296,0.91125,9.278966666666667
2008-09-16,10.733564814814814,0.88,9.7103125
2008-09-17,9.690277777777778,0.8866666666666667,11.412216666666668
2008-09-18,9.903935185185185,0.8295833333333333,7.9876125
2008-09-19,9.884027777777778,0.8054166666666666,6.841829166666667
2008-09-20,10.253009259259258,0.8337500000000001,9.6278
2008-09-21,10.825231481481481,0.8291666666666666,6.2468
2008-09-22,11.271527777777777,0.8033333333333333,4.605941666666667
2008-09-23,12.956712962962962,0.7541666666666668,3.9887750000000004
2008-09-24,13.122916666666667,0.7324999999999999,4.852808333333333
2008-09-25,13.088888888888889,0.7854166666666668,12.441275
2008-09-26,12.046527777777778,0.7979166666666666,13.237554166666667
2008-09-27,11.449305555555556,0.7904166666666667,9.113941666666667
2008-09-28,12.316203703703705,0.7170833333333334,5.0091125
2008-09-29,12.044444444444444,0.6766666666666666,6.549345833333334
2008-09-30,12.004166666666668,0.7145833333333332,7.9212
2008-10-01,15.04814814814815,0.6554166666666666,13.440145833333334
2008-10-02,17.013657407407408,0.6666666666666666,10.634720833333335
2008-10-03,17.840972222222224,0.7283333333333334,8.257958333333333
2008-10-04,11.557638888888889,0.881875,13.200993750000002
2008-10-05,9.025694444444444,0.7575000000000001,18.975862499999998
2008-10-06,12.54090909090909,0.6854545454545454,9.930772727272727
2008-10-07,14.13425925925926,0.7316666666666666,9.044845833333333
2008-10-08,14.646296296296297,0.75875,3.9257166666666667
2008-10-09,14.92199074074074,0.77625,3.8982125
2008-10-10,14.11574074074074,0.7687499999999999,4.681745833333333
2008-10-11,13.520138888888889,0.7904166666666667,4.4295125
2008-10-12,14.012500000000001,0.76125,3.0502791666666664
2008-10-13,12.602546296296296,0.8116666666666666,4.422804166666666
2008-10-14,11.872453703703703,0.82,3.5386458333333337
2008-10-15,15.672453703703704,0.7225,4.841404166666667
2008-10-16,16.490277777777777,0.7029166666666667,9.994075
2008-10-17,11.221296296296297,0.8120833333333333,14.437675
2008-10-18,8.468055555555555,0.7629166666666666,6.888116666666666
2008-10-19,8.79675925925926,0.78875,4.3168125
2008-10-20,10.167361111111111,0.7795833333333334,3.9894458333333334
2008-10-21,11.550694444444446,0.7608333333333334,4.72535
2008-10-22,13.763425925925924,0.7120833333333333,11.455150000000001
2008-10-23,11.394444444444446,0.7804166666666666,11.709395833333334
2008-10-24,9.019675925925926,0.7716666666666666,8.039266666666668
2008-10-25,9.318981481481481,0.7995833333333334,6.6976
2008-10-26,8.925555555555555,0.7844,4.09584
2008-10-27,9.130787037037038,0.7625000000000001,13.065820833333333
2008-10-28,11.318287037037038,0.7383333333333333,14.722779166666667
2008-10-29,14.294212962962964,0.70375,24.192933333333333
2008-10-30,16.17662037037037,0.6758333333333333,25.232054166666668
2008-10-31,13.347916666666668,0.7033333333333333,11.330375000000002
2008-11-01,16.106712962962963,0.7566666666666667,15.73775
2008-11-02,14.380787037037036,0.8370833333333333,4.865554166666667
2008-11-03,13.734953703703702,0.8070833333333334,6.889458333333334
2008-11-04,14.022946859903382,0.801304347826087,11.743200000000002
2008-11-05,15.406944444444443,0.7483333333333334,14.048591666666667
2008-11-06,14.350462962962963,0.7779166666666667,6.741875
2008-11-07,14.26689814814815,0.69125,21.174854166666666
2008-11-08,12.621296296296295,0.7158333333333333,21.288225
2008-11-09,10.666666666666666,0.6870833333333333,15.160833333333334
2008-11-10,8.361111111111112,0.6770833333333334,9.296408333333334
2008-11-11,7.482870370370371,0.7075,13.949308333333335
2008-11-12,6.748842592592593,0.7766666666666667,10.11885
2008-11-13,9.110416666666667,0.6683333333333333,8.658445833333333
2008-11-14,7.33287037037037,0.7316666666666666,5.959683333333333
2008-11-15,3.719212962962963,0.9025,3.3199541666666668
2008-11-16,3.233333333333334,0.9129166666666667,6.348095833333333
2008-11-17,5.595370370370371,0.76625,14.352479166666667
2008-11-18,2.274305555555556,0.7816666666666667,6.365537499999999
2008-11-19,3.0548611111111117,0.76125,8.867075
2008-11-20,6.573391812865498,0.64,14.2646
2008-11-21,6.63954248366013,0.8547058823529412,10.214029411764706
2008-11-22,1.5217592592592595,0.75,24.454558333333335
2008-11-23,0.1840277777777778,0.6829166666666667,20.760279166666667
2008-11-24,0.7048611111111115,0.6679166666666667,21.046054166666668
2008-11-25,2.5342592592592585,0.8858333333333334,11.7691
2008-11-26,0.8506944444444441,0.7958333333333333,12.554645833333334
2008-11-27,0.8828703703703704,0.7870833333333334,7.997675
2008-11-28,0.5185185185185184,0.8041666666666667,12.421149999999999
2008-11-29,4.953703703703703,0.82,23.378541666666667
2008-11-30,7.102083333333333,0.8316666666666667,17.960891666666665
2008-12-01,9.2625,0.76625,21.560583333333337
2008-12-02,6.746759259259259,0.86375,7.612616666666667
2008-12-03,6.160416666666666,0.9054166666666666,4.475129166666666
2008-12-04,6.369675925925925,0.9408333333333334,9.840454166666667
2008-12-05,9.00925925925926,0.7720833333333333,22.14487916666667
2008-12-06,8.888194444444444,0.8537500000000001,12.438591666666667
2008-12-07,4.797916666666667,0.8258333333333333,20.2799625
2008-12-08,2.8629629629629636,0.7925,17.057279166666667
2008-12-09,0.9222222222222222,0.8475,9.0300875
2008-12-10,1.3525462962962962,0.7929166666666667,14.879083333333334
2008-12-11,5.821990740740741,0.5720833333333334,26.791741666666667
2008-12-12,5.335416666666667,0.7491666666666666,11.013070833333332
2008-12-13,5.1655092592592595,0.8629166666666667,8.1003125
2008-12-14,5.037268518518519,0.8208333333333333,15.73775
2008-12-15,5.979398148148149,0.7858333333333333,17.702620833333334
2008-12-16,6.450694444444444,0.79,18.3117375
2008-12-17,7.477777777777778,0.805,23.880325
2008-12-18,8.112962962962962,0.9179166666666667,9.248108333333334
2008-12-19,3.6629629629629625,0.8991666666666668,18.5371375
2008-12-20,3.7071759259259256,0.8537499999999999,17.777083333333334
2008-12-21,4.084027777777778,0.785,20.502008333333333
2008-12-22,2.9046296296296297,0.8645833333333334,14.229045833333336
2008-12-23,5.179398148148148,0.6974999999999999,28.476875000000003
2008-12-24,0.6685185185185182,0.7279166666666667,9.949129166666667
2008-12-25,-1.0525462962962964,0.8850000000000001,11.661095833333334
2008-12-26,-2.802546296296296,0.8445833333333334,10.882929166666669
2008-12-27,-5.662037037037037,0.8916666666666666,4.4275
2008-12-28,-5.5562499999999995,0.90375,4.661620833333333
2008-12-29,-6.252777777777777,0.9020833333333332,5.09565
2008-12-30,-5.4467592592592595,0.8454166666666666,3.5305958333333334
2008-12-31,-6.218518518518518,0.9075000000000001,7.212129166666667
2009-01-01,-4.918981481481482,0.8245833333333333,6.411154166666667
2009-01-02,-4.144907407407407,0.77875,7.954070833333334
2009-01-03,-5.342129629629629,0.83875,4.076654166666667
2009-01-04,-7.8009259259259265,0.8645833333333334,7.695129166666667
2009-01-05,-6.077777777777778,0.8470833333333334,9.321229166666667
2009-01-06,-6.540740740740741,0.8679166666666668,5.891929166666667
2009-01-07,-5.888657407407408,0.8804166666666666,7.4160625
2009-01-08,-5.668981481481482,0.7829166666666666,8.0479875
2009-01-09,-9.996296296296295,0.8691666666666666,3.417225
2009-01-10,-9.090277777777779,0.8454166666666666,6.480250000000001
2009-01-11,-6.785185185185185,0.8779166666666667,4.3953
2009-01-12,-5.563425925925926,0.8758333333333334,6.831095833333333
2009-01-13,-5.897453703703704,0.9058333333333334,6.725104166666667
2009-01-14,-1.0793981481481483,0.8491666666666666,8.9334875
2009-01-15,-0.0037037037037035447,0.9075000000000001,8.4585375
2009-01-16,-0.016203703703703696,0.9041666666666667,7.5133333333333345
2009-01-17,-0.4305555555555555,0.8129166666666666,6.878725
2009-01-18,-1.0583333333333333,0.9508333333333333,13.263716666666667
2009-01-19,4.171759259259259,0.8183333333333334,14.779129166666666
2009-01-20,6.666666666666667,0.7895833333333333,17.693229166666665
2009-01-21,7.086805555555556,0.8216666666666667,21.26944166666667
2009-01-22,5.927777777777777,0.9104166666666668,8.922083333333333
2009-01-23,3.9358796296296297,0.9391666666666666,7.513333333333333
2009-01-24,2.9523148148148146,0.9433333333333334,7.183954166666667
2009-01-25,1.5393518518518519,0.91,12.816941666666667
2009-01-26,2.7104166666666667,0.8925000000000001,6.686195833333334
2009-01-27,4.350694444444444,0.9483333333333334,18.1447
2009-01-28,4.100724637681159,0.9626086956521739,17.2242
2009-01-29,4.063526570048309,0.9347826086956522,14.799400000000002
2009-01-30,1.6384259259259257,0.7945833333333333,16.534029166666667
2009-01-31,0.743287037037037,0.7445833333333334,8.359254166666668
2009-02-01,1.1699074074074076,0.8791666666666668,12.2420375
2009-02-02,2.9773148148148145,0.7725,14.237766666666667
2009-02-03,4.541787439613526,0.8291304347826087,24.052
2009-02-04,6.8999999999999995,0.83875,13.766841666666666
2009-02-05,7.995833333333334,0.8458333333333333,14.3913875
2009-02-06,8.702415458937198,0.7508695652173912,13.618500000000001
2009-02-07,9.172453703703704,0.7908333333333334,19.56955
2009-02-08,8.260628019323672,0.8304347826086957,16.189600000000002
2009-02-09,2.3103864734299515,0.9260869565217391,14.966700000000001
2009-02-10,2.2425120772946863,0.8095652173913044,15.8977
2009-02-11,3.9849537037037037,0.8325,16.1020125
2009-02-12,1.251388888888889,0.7833333333333333,23.96015416666667
2009-02-13,-1.1965277777777779,0.8883333333333333,20.62745416666667
2009-02-14,-0.3782407407407409,0.87875,11.383370833333332
2009-02-15,-0.49930555555555567,0.8849999999999999,18.576045833333335
2009-02-16,-1.5726851851851853,0.78375,13.8077625
2009-02-17,-0.15277777777777782,0.96125,15.495579166666667
2009-02-18,-2.6928240740740743,0.7954166666666667,19.694325000000003
2009-02-19,-3.4592592592592593,0.7554166666666666,21.602845833333333
2009-02-20,-2.5787037037037037,0.7312500000000001,9.454725
2009-02-21,-1.2652777777777777,0.8825,8.42835
2009-02-22,-3.3847222222222224,0.7683333333333334,8.689304166666668
2009-02-23,-2.348148148148148,0.8291666666666666,12.138058333333333
2009-02-24,0.09768518518518506,0.7745833333333333,8.3780375
2009-02-25,1.5604166666666666,0.7504166666666667,7.769591666666667
2009-02-26,2.739351851851852,0.7329166666666667,10.766204166666668
2009-02-27,3.518981481481482,0.8158333333333333,15.630416666666669
2009-02-28,3.9567129629629627,0.8516666666666667,13.656825
2009-03-01,6.590821256038648,0.8404347826086955,7.9919
2009-03-02,7.168599033816425,0.7952173913043478,5.5615000000000006
2009-03-03,6.0375000000000005,0.8258333333333333,4.872933333333333
2009-03-04,8.79560185185185,0.8083333333333332,18.924208333333336
2009-03-05,8.795833333333333,0.8029166666666666,30.7570375
2009-03-06,10.763657407407408,0.7183333333333333,12.039445833333334
2009-03-07,7.7273148148148145,0.8254166666666666,26.05516666666667
2009-03-08,5.659490740740741,0.7050000000000001,25.847208333333338
2009-03-09,6.125132275132275,0.7066666666666667,17.147266666666667
2009-03-10,5.207142857142857,0.7057142857142857,19.5753
2009-03-11,4.777777777777778,0.7558333333333334,12.385595833333333
2009-03-12,5.211111111111111,0.7054166666666667,18.292283333333334
2009-03-13,4.85324074074074,0.8391666666666667,16.1
2009-03-14,4.75462962962963,0.6816666666666666,9.723058333333334
2009-03-15,5.4884259259259265,0.7445833333333334,7.538825
2009-03-16,7.830555555555556,0.7958333333333334,16.785591666666665
2009-03-17,6.115458937198068,0.6517391304347826,15.0311
2009-03-18,4.839869281045752,0.638235294117647,26.68054117647059
2009-03-19,2.6755555555555555,0.626,14.663075000000001
2009-03-20,1.5666666666666667,0.7512500000000001,14.8059625
2009-03-21,3.9738425925925926,0.6070833333333333,22.729845833333332
2009-03-22,4.86550925925926,0.55625,18.540491666666668
2009-03-23,8.277485380116959,0.5647368421052632,22.523052631578945
2009-03-24,5.793981481481482,0.64125,16.618554166666666
2009-03-25,2.2261574074074075,0.515,22.160979166666667
2009-03-26,4.014734299516908,0.5126086956521739,9.8217
2009-03-27,8.553333333333333,0.5333333333333333,14.608066666666668
2009-03-28,12.154166666666667,0.525,19.235475
2009-03-29,12.479292929292928,0.6327272727272727,22.603668181818183
2009-03-30,13.293287037037038,0.7408333333333333,16.686308333333333
2009-03-31,11.845601851851853,0.7683333333333334,11.774466666666667
2009-04-01,13.649537037037037,0.6904166666666667,9.539920833333333
2009-04-02,13.944202898550726,0.5934782608695652,14.602
2009-04-03,14.622453703703703,0.6320833333333333,9.912904166666667
2009-04-04,14.628240740740742,0.5983333333333333,5.287508333333333
2009-04-05,15.218287037037037,0.56875,7.699825000000001
2009-04-06,14.682407407407409,0.5475,5.219083333333334
2009-04-07,14.496527777777779,0.6025,8.296195833333334
2009-04-08,15.22013888888889,0.5020833333333333,10.157758333333334
2009-04-09,15.924305555555556,0.5083333333333333,5.1741375000000005
2009-04-10,16.112962962962964,0.50875,6.8425
2009-04-11,17.02777777777778,0.5287499999999999,14.033833333333334
2009-04-12,15.661574074074075,0.5045833333333333,20.410775
2009-04-13,12.851851851851853,0.5525,13.953333333333333
2009-04-14,10.925462962962962,0.7066666666666667,5.616887500000001
2009-04-15,13.624537037037037,0.6383333333333333,8.212341666666667
2009-04-16,15.068287037037038,0.5341666666666667,7.96145
2009-04-17,13.695601851851853,0.655,15.821604166666667
2009-04-18,13.86574074074074,0.665,7.042408333333333
2009-04-19,16.835416666666667,0.5508333333333334,7.986270833333333
2009-04-20,17.10787037037037,0.6341666666666667,10.017554166666667
2009-04-21,15.817361111111111,0.5375,15.682741666666667
2009-04-22,14.029398148148148,0.58875,10.756141666666666
2009-04-23,11.31412037037037,0.6379166666666667,9.942420833333333
2009-04-24,12.574305555555554,0.66375,7.798437500000001
2009-04-25,13.938888888888888,0.4879166666666667,13.234870833333334
2009-04-26,12.508937198067633,0.5165217391304349,19.7435
2009-04-27,14.179166666666667,0.44,26.803816666666666
2009-04-28,15.44699074074074,0.41458333333333336,25.644616666666668
2009-04-29,16.15300925925926,0.44083333333333335,11.545041666666668
2009-04-30,15.78913043478261,0.5782608695652174,8.1501
2009-05-01,17.096759259259258,0.4808333333333333,18.882616666666667
2009-05-02,12.817592592592591,0.4879166666666667,13.782941666666666
2009-05-03,14.612318840579709,0.7021739130434782,7.1218
2009-05-04,16.160416666666666,0.6279166666666667,6.0985458333333336
2009-05-05,15.064814814814815,0.5820833333333334,19.45416666666667
2009-05-06,13.38935185185185,0.5620833333333334,15.8605125
2009-05-07,16.218055555555555,0.5291666666666667,20.824008333333335
2009-05-08,16.85763888888889,0.5179166666666667,5.545779166666667
2009-05-09,19.460416666666667,0.5358333333333333,7.7763
2009-05-10,20.495833333333334,0.5891666666666667,7.713241666666668
2009-05-11,21.412731481481483,0.5645833333333333,9.189075
2009-05-12,19.20787037037037,0.5554166666666667,16.014804166666668
2009-05-13,13.53263888888889,0.5741666666666667,10.3362
2009-05-14,14.136111111111111,0.66,9.860579166666668
2009-05-15,18.88101851851852,0.6079166666666667,9.441308333333334
2009-05-16,19.97013888888889,0.6229166666666667,9.256158333333333
2009-05-17,21.18125,0.5912499999999999,7.548216666666668
2009-05-18,23.37291666666667,0.4870833333333333,8.229783333333334
2009-05-19,21.91183574879227,0.6756521739130434,14.517999999999999
2009-05-20,21.22800925925926,0.6870833333333333,9.054237500000001
2009-05-21,21.578935185185184,0.5883333333333334,5.624937500000001
2009-05-22,23.420370370370367,0.57375,12.551291666666666
2009-05-23,19.56550925925926,0.5975,13.436791666666666
2009-05-24,17.456944444444446,0.5266666666666667,6.287720833333334
2009-05-25,21.173842592592592,0.58,6.779441666666667
2009-05-26,21.664583333333336,0.4920833333333334,8.375354166666666
2009-05-27,21.081481481481482,0.6020833333333333,14.402120833333335
2009-05-28,14.465972222222222,0.8320833333333333,12.758579166666665
2009-05-29,12.555324074074074,0.6354166666666666,16.852675
2009-05-30,11.380092592592591,0.7295833333333334,8.499458333333335
2009-05-31,12.891203703703702,0.6870833333333333,10.039691666666668
2009-06-01,15.254166666666668,0.7704166666666667,8.188191666666667
2009-06-02,16.085416666666667,0.7979166666666666,7.126933333333334
2009-06-03,16.622916666666665,0.5933333333333334,11.9804125
2009-06-04,13.388888888888888,0.6079166666666667,10.4348125
2009-06-05,14.50162037037037,0.7941666666666666,9.268904166666667
2009-06-06,22.166425120772946,0.6556521739130435,14.9604
2009-06-07,21.894212962962964,0.6008333333333333,14.612091666666666
2009-06-08,20.791666666666668,0.6654166666666667,4.9594708333333335
2009-06-09,23.907175925925927,0.5816666666666667,9.672075
2009-06-10,23.44513888888889,0.5925,8.809383333333335
2009-06-11,21.13912037037037,0.7062499999999999,13.087958333333333
2009-06-12,17.86898148148148,0.5575,20.186045833333335
2009-06-13,17.33564814814815,0.4920833333333334,17.694570833333334
2009-06-14,20.20023148148148,0.4916666666666667,10.230208333333334
2009-06-15,24.243981481481484,0.5079166666666667,11.286770833333334
2009-06-16,24.73425925925926,0.5225,14.416208333333335
2009-06-17,21.124537037037037,0.5666666666666667,12.983979166666666
2009-06-18,21.303140096618357,0.5073913043478261,6.6457999999999995
2009-06-19,24.19189814814815,0.53,11.076129166666668
2009-06-20,21.46921296296296,0.6358333333333334,16.038283333333336
2009-06-21,14.715046296296295,0.88875,10.690399999999999
2009-06-22,14.955787037037036,0.92625,9.209200000000001
2009-06-23,16.837500000000002,0.805,5.037287500000001
2009-06-24,19.06875,0.7258333333333334,6.0556125
2009-06-25,20.22013888888889,0.7604166666666666,7.980904166666666
2009-06-26,17.73287037037037,0.8850000000000001,4.277904166666667
2009-06-27,19.491062801932365,0.782608695652174,3.5168000000000004
2009-06-28,20.81574074074074,0.7770833333333332,6.3494375000000005
2009-06-29,21.576620370370367,0.7466666666666667,5.918762500000001
2009-06-30,21.55072463768116,0.792608695652174,6.7494
2009-07-01,21.847685185185185,0.7958333333333334,5.641708333333334
2009-07-02,22.927083333333332,0.7225,6.424570833333334
2009-07-03,22.898611111111112,0.7608333333333334,5.176820833333333
2009-07-04,23.202314814814812,0.7245833333333334,7.002158333333334
2009-07-05,24.23472222222222,0.6304166666666667,9.975291666666667
2009-07-06,24.376388888888886,0.6154166666666666,6.9552000000000005
2009-07-07,23.23985507246377,0.6943478260869566,9.6201
2009-07-08,20.031712962962963,0.7483333333333334,11.047283333333333
2009-07-09,19.830092592592592,0.6295833333333333,9.258841666666667
2009-07-10,20.01273148148148,0.6220833333333333,10.303329166666666
2009-07-11,18.832407407407405,0.6425,12.313816666666668
2009-07-12,19.95169082125604,0.5126086956521739,15.8361
2009-07-13,21.690972222222225,0.58625,8.473295833333333
2009-07-14,24.928240740740744,0.6,6.553370833333333
2009-07-15,26.6207729468599,0.6,6.9041
2009-07-16,26.436956521739134,0.658695652173913,8.7178
2009-07-17,26.621064814814815,0.6220833333333333,6.2689375
2009-07-18,24.7525462962963,0.6895833333333333,18.172875
2009-07-19,18.391666666666666,0.6554166666666666,16.984158333333333
2009-07-20,20.84837962962963,0.5383333333333333,6.886775
2009-07-21,23.329629629629633,0.5295833333333334,10.460304166666667
2009-07-22,25.40949074074074,0.5,14.364554166666666
2009-07-23,27.25162037037037,0.4995833333333333,15.164858333333333
2009-07-24,27.198379629629628,0.4779166666666667,8.799991666666667
2009-07-25,22.665277777777778,0.5599999999999999,18.101766666666666
2009-07-26,20.459953703703704,0.5141666666666667,15.014591666666666
2009-07-27,20.914583333333333,0.49,6.110620833333333
2009-07-28,23.39074074074074,0.44125,7.076620833333333
2009-07-29,24.49884259259259,0.5066666666666667,6.535929166666667
2009-07-30,25.702314814814812,0.5170833333333333,5.043995833333334
2009-07-31,25.471527777777776,0.5416666666666666,8.598741666666667
2009-08-01,26.519907407407405,0.5104166666666666,8.593375
2009-08-02,28.08842592592593,0.4695833333333333,11.828133333333334
2009-08-03,26.457407407407405,0.544,8.970920000000001
2009-08-04,26.303703703703704,0.5249999999999999,10.65998888888889
2009-08-05,21.420370370370367,0.7866666666666666,11.6302375
2009-08-06,20.797727272727272,0.8286363636363636,9.629263636363637
2009-08-07,22.025694444444444,0.7566666666666667,9.5774875
2009-08-08,22.045601851851853,0.60375,11.111683333333334
2009-08-09,21.983101851851853,0.5187499999999999,10.701133333333333
2009-08-10,22.99976851851852,0.5783333333333333,7.585112500000001
2009-08-11,21.36435185185185,0.71625,12.2259375
2009-08-12,21.425,0.7070833333333333,8.3136375
2009-08-13,22.781884057971016,0.6543478260869565,8.3076
2009-08-14,19.374537037037037,0.8245833333333333,7.265795833333335
2009-08-15,21.402314814814815,0.6279166666666667,5.798683333333333
2009-08-16,22.813194444444445,0.5591666666666667,4.321508333333333
2009-08-17,23.9974537037037,0.5325,4.3932875000000005
2009-08-18,25.644907407407405,0.5345833333333333,9.924308333333334
2009-08-19,23.56087962962963,0.47375000000000006,9.431245833333334
2009-08-20,22.258564814814815,0.48374999999999996,8.581970833333333
2009-08-21,23.2087962962963,0.47208333333333335,7.0135625
2009-08-22,25.02777777777778,0.4556521739130435,5.9962
2009-08-23,20.294675925925926,0.7741666666666666,14.359858333333333
2009-08-24,18.546618357487922,0.6921739130434783,8.0906
2009-08-25,22.98611111111111,0.56125,10.043045833333334
2009-08-26,25.293055555555554,0.47374999999999995,12.794804166666667
2009-08-27,25.86550925925926,0.4795833333333333,6.8726875000000005
2009-08-28,26.408564814814813,0.49500000000000005,7.807158333333334
2009-08-29,24.146527777777777,0.59,15.571383333333335
2009-08-30,18.874537037037037,0.7308333333333333,8.722845833333333
2009-08-31,18.98148148148148,0.58375,7.386545833333334
2009-09-01,19.937962962962963,0.5870833333333333,4.866225
2009-09-02,21.730324074074076,0.5754166666666667,4.5039750000000005
2009-09-03,23.927314814814817,0.5433333333333333,10.264420833333334
2009-09-04,25.56574074074074,0.54,11.090887500000001
2009-09-05,17.14537037037037,0.6604166666666667,17.609375
2009-09-06,16.730555555555554,0.5858333333333333,12.435908333333336
2009-09-07,17.8724537037037,0.52625,16.737962500000002
2009-09-08,18.3125,0.5370833333333334,15.277558333333333
2009-09-09,19.99027777777778,0.5258333333333333,7.9071125
2009-09-10,21.406944444444445,0.4879166666666666,8.0178
2009-09-11,20.730324074074073,0.52125,11.40685
2009-09-12,21.192824074074075,0.5158333333333334,8.7000375
2009-09-13,19.83287037037037,0.6391666666666667,8.6356375
2009-09-14,19.089583333333334,0.7108333333333333,12.517750000000001
2009-09-15,21.1,0.6454166666666666,11.828804166666666
2009-09-16,22.464814814814815,0.5504166666666667,14.074754166666667
2009-09-17,19.668599033816427,0.7126086956521739,14.0343
2009-09-18,18.88611111111111,0.8204166666666667,6.454758333333333
2009-09-19,18.486473429951694,0.6204347826086957,10.255
2009-09-20,18.347685185185185,0.6325,4.7012
2009-09-21,18.21388888888889,0.57875,5.002404166666667
2009-09-22,18.640046296296294,0.6216666666666667,3.5996916666666667
2009-09-23,19.332407407407405,0.5958333333333333,2.842991666666667
2009-09-24,19.09050925925926,0.5783333333333334,5.052716666666667
2009-09-25,18.402657004830917,0.578695652173913,15.197000000000001
2009-09-26,16.71712962962963,0.5375,13.446183333333332
2009-09-27,16.81365740740741,0.61875,5.9449250000000005
2009-09-28,17.977314814814815,0.6016666666666667,5.922787500000001
2009-09-29,17.800694444444446,0.6079166666666667,12.2460625
2009-09-30,16.604166666666668,0.6358333333333334,11.639629166666666
2009-10-01,17.916435185185183,0.64875,10.271129166666666
2009-10-02,15.49837962962963,0.67625,13.187912500000001
2009-10-03,12.407175925925927,0.6083333333333333,9.551995833333335
2009-10-04,12.972916666666668,0.6054166666666666,6.898179166666668
2009-10-05,15.048611111111112,0.6391666666666667,3.722454166666667
2009-10-06,17.691203703703703,0.6587500000000001,9.431245833333334
2009-10-07,18.65462962962963,0.6720833333333333,6.8243875
2009-10-08,19.171759259259257,0.6404166666666666,8.358583333333334
2009-10-09,19.04976851851852,0.6587500000000001,10.234233333333334
2009-10-10,17.602777777777778,0.6220833333333333,11.600720833333334
2009-10-11,13.974637681159422,0.9043478260869565,10.15
2009-10-12,10.82685185185185,0.9141666666666667,16.779554166666667
2009-10-13,7.023148148148149,0.8254166666666666,31.772679166666666
2009-10-14,4.471990740740741,0.7995833333333334,29.645466666666668
2009-10-15,4.515046296296297,0.7866666666666666,18.89670416666667
2009-10-16,4.909027777777777,0.7308333333333333,8.976420833333334
2009-10-17,4.9527777777777775,0.7795833333333334,3.6962916666666668
2009-10-18,6.122453703703703,0.82625,8.5350125
2009-10-19,6.1365740740740735,0.8629166666666667,11.685916666666666
2009-10-20,6.652314814814815,0.8870833333333333,8.9033
2009-10-21,8.549242424242424,0.7795454545454544,13.111986363636364
2009-10-22,13.87800925925926,0.6941666666666667,21.337866666666667
2009-10-23,15.063657407407407,0.8295833333333333,14.518845833333335
2009-10-24,14.86875,0.8695833333333334,11.165350000000002
2009-10-25,13.263888888888888,0.8645833333333334,6.6231374999999995
2009-10-26,13.464814814814815,0.9179166666666667,4.813229166666667
2009-10-27,12.858333333333334,0.8004166666666667,14.1519
2009-10-28,10.746064814814815,0.7845833333333334,9.7908125
2009-10-29,8.034953703703705,0.8300000000000001,7.919858333333334
2009-10-30,5.872222222222223,0.7525,17.4041
2009-10-31,3.3418981481481485,0.8045833333333333,10.353641666666666
2009-11-01,2.0078703703703704,0.7804166666666666,5.207679166666667
2009-11-02,3.64537037037037,0.6866666666666666,18.17555833333333
2009-11-03,2.7525462962962965,0.6779166666666666,13.946625
2009-11-04,2.9391203703703703,0.8220833333333334,9.682808333333334
2009-11-05,6.01550925925926,0.90125,6.5949625
2009-11-06,8.307175925925925,0.9145833333333333,13.482408333333334
2009-11-07,9.016666666666667,0.9175,9.1991375
2009-11-08,11.275925925925925,0.9454166666666667,11.502779166666668
2009-11-09,11.956712962962962,0.8424999999999999,7.733366666666666
2009-11-10,10.934490740740742,0.9254166666666667,10.589775000000001
2009-11-11,5.457638888888888,0.9029166666666667,22.669470833333335
2009-11-12,7.357638888888889,0.7866666666666666,15.258775
2009-11-13,7.642824074074074,0.7991666666666667,6.2206375
2009-11-14,9.544212962962963,0.7991666666666667,10.424079166666667
2009-11-15,10.262962962962963,0.7991666666666667,14.761016666666668
2009-11-16,8.086342592592592,0.9387500000000001,6.930379166666667
2009-11-17,10.990277777777777,0.8941666666666667,8.282108333333333
2009-11-18,11.939351851851853,0.8220833333333334,5.470645833333333
2009-11-19,10.234722222222222,0.8745833333333333,6.205879166666667
2009-11-20,6.106712962962963,0.9833333333333334,6.3494375000000005
2009-11-21,5.963425925925926,0.9879166666666667,5.909370833333334
2009-11-22,5.78125,0.9604166666666667,8.382733333333332
2009-11-23,5.268287037037037,0.96125,8.029875
2009-11-24,6.014120370370371,0.9679166666666666,9.4849125
2009-11-25,9.763657407407408,0.8245833333333333,7.792400000000001
2009-11-26,7.100231481481482,0.8562500000000001,9.470825
2009-11-27,8.66388888888889,0.8354166666666667,9.0300875
2009-11-28,7.393287037037037,0.89875,7.520041666666667
2009-11-29,5.010648148148149,0.9179166666666667,13.110095833333334
2009-11-30,9.381884057971014,0.7491304347826088,25.6466
2009-12-01,12.25763888888889,0.7041666666666666,27.25662916666667
2009-12-02,6.6134259259259265,0.8358333333333333,11.955591666666669
2009-12-03,5.689120370370371,0.915,6.490312500000001
2009-12-04,6.788131313131313,0.9304545454545454,4.854881818181818
2009-12-05,6.434343434343433,0.8986363636363636,7.834845454545455
2009-12-06,4.124509803921569,0.9041176470588236,3.4103588235294118
2009-12-07,3.333611111111111,0.9475,3.50336
2009-12-08,4.829166666666667,0.94875,12.291679166666668
2009-12-09,6.661666666666666,0.9029999999999999,13.740545000000001
2009-12-10,4.5025462962962965,0.8720833333333333,9.00795
2009-12-11,3.911111111111111,0.9416666666666668,6.058295833333333
2009-12-12,1.9981481481481482,0.825,19.285116666666667
2009-12-13,-0.9643518518518516,0.8554166666666667,11.770441666666668
2009-12-14,-1.4680555555555557,0.7966666666666667,14.661733333333332
2009-12-15,-2.088425925925926,0.7708333333333334,21.537775
2009-12-16,-2.936342592592593,0.9204166666666667,8.753033333333333
2009-12-17,-5.396064814814815,0.8529166666666667,9.604320833333334
2009-12-18,-6.272222222222222,0.8066666666666666,5.2747625000000005
2009-12-19,-6.855555555555555,0.8737499999999999,16.560862500000002
2009-12-20,-9.912037037037036,0.7095833333333333,14.716070833333333
2009-12-21,-9.929629629629629,0.7316666666666666,17.157233333333334
2009-12-22,1.3805555555555553,0.765,29.242295833333333
2009-12-23,6.15162037037037,0.8433333333333333,24.446508333333338
2009-12-24,9.897222222222222,0.8045833333333333,18.543845833333332
2009-12-25,11.856613756613756,0.8195238095238095,25.390466666666665
2009-12-26,6.0747685185185185,0.7129166666666666,15.410383333333334
2009-12-27,2.9175925925925923,0.8325,11.5416875
2009-12-28,3.1615740740740743,0.7958333333333334,15.211145833333333
2009-12-29,1.9569444444444446,0.8166666666666668,6.029450000000001
2009-12-30,6.065046296296296,0.9083333333333333,13.979495833333333
2009-12-31,9.423842592592592,0.915,11.426975
2010-01-01,7.947222222222222,0.9420833333333333,10.556233333333333
2010-01-02,3.617129629629629,0.8741666666666666,19.328720833333335
2010-01-03,-2.425925925925926,0.8779166666666667,22.65001666666667
2010-01-04,-5.600694444444444,0.8458333333333333,10.77827916666667
2010-01-05,-1.684027777777778,0.89125,11.933454166666666
2010-01-06,0.8675925925925926,0.9166666666666666,10.534095833333334
2010-01-07,0.08356481481481488,0.9445833333333334,6.813654166666667
2010-01-08,3.5756944444444443,0.8970833333333333,15.504970833333333
2010-01-09,9.143055555555556,0.80875,22.196533333333335
2010-01-10,4.099537037037037,0.9279166666666666,10.978858333333333
2010-01-11,0.9430555555555552,0.8325,10.686375
2010-01-12,-0.9469907407407406,0.8658333333333333,6.666741666666667
2010-01-13,-0.0967592592592592,0.8650000000000001,4.6804041666666665
2010-01-14,0.3694444444444445,0.8829166666666667,5.311658333333334
2010-01-15,0.0023148148148148437,0.9016666666666667,11.514183333333333
2010-01-16,-1.9870370370370372,0.9512499999999999,8.8087125
2010-01-17,-0.9000000000000002,0.8979166666666667,11.0949125
2010-01-18,-0.04953703703703712,0.9020833333333335,7.015575000000001
2010-01-19,-0.9523148148148151,0.9245833333333334,9.256158333333333
2010-01-20,-0.1407407407407409,0.9158333333333334,4.4174375
2010-01-21,-1.578703703703704,0.9295833333333333,6.5178166666666675
2010-01-22,-4.874305555555556,0.8129166666666667,9.623775
2010-01-23,-5.60486111111111,0.8345833333333333,5.196275000000001
2010-01-24,-6.451388888888889,0.8804166666666666,5.380754166666667
2010-01-25,-9.656018518518518,0.8541666666666666,5.841616666666667
2010-01-26,-6.696135265700484,0.7421739130434782,7.6068999999999996
2010-01-27,-7.338657407407407,0.7575,4.675708333333334
2010-01-28,-7.834027777777777,0.9045833333333334,13.171141666666665
2010-01-29,-5.358564814814815,0.84875,15.364766666666668
2010-01-30,0.0865740740740739,0.8008333333333333,19.099966666666667
2010-01-31,-1.5006944444444443,0.92625,15.057525
2010-02-01,-4.853703703703704,0.8083333333333332,11.740254166666666
2010-02-02,-7.002314814814816,0.8537500000000001,5.8946125
2010-02-03,-3.196527777777778,0.7945833333333333,13.579679166666667
2010-02-04,-2.3178240740740743,0.82875,8.335104166666666
2010-02-05,0.20393518518518539,0.7912499999999999,12.048166666666667
2010-02-06,0.05555555555555563,0.91125,13.317383333333334
2010-02-07,-1.0476851851851854,0.9329166666666667,13.11345
2010-02-08,-3.21550925925926,0.8091666666666667,12.356079166666667
2010-02-09,-4.5650462962962965,0.8270833333333334,6.52855
2010-02-10,-0.48148148148148134,0.82125,13.990229166666667
2010-02-11,0.9743055555555556,0.9237500000000001,7.963462500000001
2010-02-12,0.8847222222222227,0.9345833333333333,9.060945833333333
2010-02-13,0.24976851851851914,0.8533333333333334,27.366645833333337
2010-02-14,-1.5703703703703706,0.8070833333333334,10.242954166666667
2010-02-15,-1.2409722222222221,0.875,9.592245833333333
2010-02-16,-1.1743055555555555,0.8829166666666667,8.407554166666667
2010-02-17,2.6958333333333333,0.8591666666666667,10.724612500000001
2010-02-18,4.774768518518519,0.9091666666666667,8.835545833333333
2010-02-19,8.110416666666667,0.8125,18.590133333333334
2010-02-20,5.327314814814815,0.8554166666666667,20.389979166666667
2010-02-21,2.543287037037037,0.795,15.6975
2010-02-22,3.8439814814814817,0.7608333333333333,17.372570833333334
2010-02-23,8.251388888888888,0.7983333333333333,15.340616666666667
2010-02-24,8.438657407407407,0.9270833333333334,7.627375000000001
2010-02-25,6.82962962962963,0.9249999999999999,9.341354166666667
2010-02-26,7.469212962962963,0.9054166666666666,16.2288
2010-02-27,5.200925925925926,0.8725,22.52926666666667
2010-02-28,4.979398148148149,0.77625,18.942991666666668
2010-03-01,8.42361111111111,0.7441666666666666,8.905983333333333
2010-03-02,6.211574074074075,0.6916666666666665,12.6847875
2010-03-03,4.778935185185185,0.69875,10.852070833333334
2010-03-04,3.6905092592592585,0.6841666666666667,18.759854166666667
2010-03-05,1.5613425925925923,0.5825,24.529020833333334
2010-03-06,-1.733796296296296,0.5970833333333333,13.290550000000001
2010-03-07,-1.2245370370370374,0.6891666666666666,7.0343583333333335
2010-03-08,-0.9250000000000004,0.6808333333333333,16.157020833333334
2010-03-09,-0.10995370370370372,0.6666666666666666,13.281829166666668
2010-03-10,0.23194444444444426,0.6966666666666667,14.121712500000001
2010-03-11,-0.30462962962962936,0.9320833333333334,8.641675000000001
2010-03-12,1.1648148148148145,0.7775,16.819133333333333
2010-03-13,3.7511574074074066,0.7208333333333333,19.976745833333336
2010-03-14,4.820138888888889,0.6658333333333334,21.03397916666667
2010-03-15,3.4576388888888894,0.5620833333333334,22.935120833333333
2010-03-16,4.395138888888889,0.6233333333333334,19.1690625
2010-03-17,3.2314814814814814,0.6508333333333334,10.483783333333333
2010-03-18,7.147453703703703,0.5979166666666667,8.434387500000001
2010-03-19,9.09537037037037,0.6066666666666667,14.012366666666667
2010-03-20,11.562962962962963,0.5491666666666667,17.8488625
2010-03-21,13.810648148148148,0.5875,17.3296375
2010-03-22,12.406481481481483,0.765,12.124641666666667
2010-03-23,11.11412037037037,0.84375,6.419204166666667
2010-03-24,13.068287037037036,0.715,5.864425000000001
2010-03-25,14.542129629629628,0.6470833333333333,19.631937500000003
2010-03-26,15.603703703703703,0.5595833333333333,23.876970833333335
2010-03-27,10.571527777777778,0.7312500000000001,13.664875
2010-03-28,10.45,0.6452173913043479,19.3697
2010-03-29,11.689351851851852,0.5720833333333334,9.688175000000001
2010-03-30,13.259722222222221,0.54875,14.2002
2010-03-31,12.247453703703703,0.7287499999999999,12.297716666666668
2010-04-01,10.146527777777779,0.655,8.009079166666668
2010-04-02,8.652314814814815,0.7495833333333333,11.241154166666668
2010-04-03,8.697222222222223,0.6179166666666667,9.89345
2010-04-04,12.065046296296297,0.5599999999999999,11.6564
2010-04-05,12.474768518518518,0.7070833333333333,13.923816666666667
2010-04-06,8.022705314009663,0.8769565217391305,21.1967
2010-04-07,8.769907407407407,0.7904166666666667,10.248320833333334
2010-04-08,11.419212962962964,0.725,6.980691666666668
2010-04-09,12.858796296296296,0.6470833333333333,8.312966666666666
2010-04-10,9.10300925925926,0.7287499999999999,14.4276125
2010-04-11,8.405092592592593,0.7220833333333334,8.568554166666667
2010-04-12,10.18449074074074,0.8320833333333333,13.542112500000002
2010-04-13,12.128472222222221,0.7679166666666667,11.865029166666668
2010-04-14,11.340046296296295,0.86625,11.728850000000001
2010-04-15,9.45138888888889,0.8341666666666666,11.897900000000002
2010-04-16,11.160416666666668,0.8058333333333333,8.703391666666667
2010-04-17,10.778009259259258,0.7858333333333333,10.0926875
2010-04-18,13.056018518518519,0.6566666666666666,13.338179166666668
2010-04-19,11.983796296296296,0.9095833333333333,7.754833333333334
2010-04-20,13.59675925925926,0.7633333333333333,13.461612500000001
2010-04-21,13.96875,0.6770833333333334,11.312933333333334
2010-04-22,10.130787037037036,0.6220833333333333,13.313358333333333
2010-04-23,12.565972222222221,0.6216666666666667,10.192641666666667
2010-04-24,15.728935185185186,0.6954166666666667,10.330833333333334
2010-04-25,17.8412037037037,0.6004166666666667,13.530708333333335
2010-04-26,16.427314814814817,0.6166666666666667,13.359645833333333
2010-04-27,16.132638888888888,0.5770833333333333,9.388983333333334
2010-04-28,15.210648148148147,0.6883333333333334,10.226854166666667
2010-04-29,15.167592592592591,0.5608333333333334,7.724645833333334
2010-04-30,17.64212962962963,0.5566666666666666,8.231125
2010-05-01,19.169907407407408,0.59875,10.558916666666667
2010-05-02,18.563425925925927,0.6241666666666666,7.674333333333334
2010-05-03,20.883796296296296,0.59,8.8409125
2010-05-04,18.931045751633988,0.6894117647058824,7.868164705882354
2010-05-05,22.543253968253968,0.595,12.2705
2010-05-06,17.461111111111112,0.8011111111111111,16.862066666666667
2010-05-07,15.363888888888889,0.769,10.952025
2010-05-08,14.637345679012347,0.8511111111111112,6.822822222222223
2010-05-09,14.415608465608464,0.8666666666666666,5.873433333333334
2010-05-10,15.130740740740741,0.8333333333333334,8.173433333333334
2010-05-11,17.94973544973545,0.7561904761904762,8.8067
2010-05-12,17.7375,0.8379166666666666,8.095616666666666
2010-05-13,16.298148148148147,0.8520833333333333,11.9160125
2010-05-14,16.749074074074073,0.7625000000000001,14.390716666666668
2010-05-15,14.145601851851852,0.9208333333333334,14.8502375
2010-05-16,9.270138888888889,0.9529166666666667,25.68218333333333
2010-05-17,9.449537037037038,0.8495833333333334,32.259033333333335
2010-05-18,10.789583333333333,0.7695833333333333,26.694470833333337
2010-05-19,11.159722222222221,0.7725,17.793183333333335
2010-05-20,12.69675925925926,0.85125,6.537941666666668
2010-05-21,14.85462962962963,0.8583333333333334,9.535225
2010-05-22,18.17523148148148,0.7141666666666667,15.184983333333335
2010-05-23,17.34513888888889,0.78625,12.121287500000001
2010-05-24,18.637037037037036,0.7075,11.61615
2010-05-25,20.46388888888889,0.71,9.4829
2010-05-26,20.85625,0.66625,14.4759125
2010-05-27,20.971527777777776,0.6304166666666666,11.878445833333336
2010-05-28,20.430193236714977,0.7495652173913044,6.664
2010-05-29,18.655787037037037,0.8495833333333334,6.917633333333334
2010-05-30,18.93587962962963,0.8304166666666667,6.4540875
2010-05-31,14.187037037037037,0.9241666666666667,11.767758333333333
2010-06-01,12.662731481481481,0.94375,9.808925
2010-06-02,13.06087962962963,0.9366666666666666,10.244295833333334
2010-06-03,14.379398148148148,0.8695833333333334,7.163829166666667
2010-06-04,15.388657407407408,0.9474999999999999,11.8153875
2010-06-05,18.278472222222224,0.7829166666666666,13.348241666666667
2010-06-06,19.63587962962963,0.6970833333333334,5.355262500000001
2010-06-07,21.951620370370375,0.695,6.0227416666666675
2010-06-08,23.488425925925924,0.6508333333333334,6.080433333333333
2010-06-09,24.71087962962963,0.635,6.975995833333333
2010-06-10,25.598148148148145,0.6275000000000001,12.685458333333335
2010-06-11,26.49467592592593,0.6670833333333334,10.813833333333335
2010-06-12,27.73125,0.6554166666666666,8.025179166666666
2010-06-13,25.95555555555556,0.71125,5.430395833333333
2010-06-14,25.034953703703703,0.7358333333333333,10.4187125
2010-06-15,22.787731481481483,0.6883333333333334,9.401058333333333
2010-06-16,21.121064814814815,0.79,16.901645833333333
2010-06-17,21.06226851851852,0.70125,9.7405
2010-06-18,19.566435185185185,0.8429166666666666,13.148333333333333
2010-06-19,19.73888888888889,0.8266666666666667,8.286133333333334
2010-06-20,19.8412037037037,0.8420833333333334,6.902875000000001
2010-06-21,17.65625,0.9516666666666667,8.945562500000001
2010-06-22,15.524537037037037,0.9095833333333333,20.890420833333334
2010-06-23,18.180092592592594,0.6716666666666667,19.119420833333333
2010-06-24,17.831944444444442,0.7370833333333334,6.976666666666667
2010-06-25,17.42962962962963,0.7741666666666666,12.110554166666667
2010-06-26,15.623842592592593,0.9362499999999999,9.180354166666666
2010-06-27,18.538194444444446,0.8325,14.771749999999999
2010-06-28,20.645370370370372,0.8208333333333333,9.325925
2010-06-29,22.580324074074074,0.7333333333333334,13.653470833333335
2010-06-30,23.305787037037035,0.7487499999999999,12.113237500000002
2010-07-01,24.282638888888886,0.7245833333333334,9.343366666666666
2010-07-02,24.048148148148147,0.7154166666666667,8.2009375
2010-07-03,21.97685185185185,0.79,6.46415
2010-07-04,20.55902777777778,0.7458333333333332,9.967241666666668
2010-07-05,20.93726851851852,0.81625,4.198075
2010-07-06,22.042824074074076,0.7558333333333334,9.839783333333333
2010-07-07,17.529166666666665,0.7966666666666667,14.057983333333334
2010-07-08,19.364583333333332,0.74125,7.002158333333334
2010-07-09,20.886805555555558,0.7020833333333334,8.127145833333334
2010-07-10,22.340277777777775,0.7066666666666667,10.388525
2010-07-11,24.393287037037037,0.7374999999999999,8.731566666666668
2010-07-12,25.88287037037037,0.71625,7.678358333333333
2010-07-13,26.592824074074073,0.6995833333333333,6.305162500000001
2010-07-14,27.449305555555558,0.6883333333333334,7.353675
2010-07-15,27.323379629629628,0.7066666666666667,5.0205166666666665
2010-07-16,27.54375,0.7183333333333333,6.029450000000001
2010-07-17,28.136574074074076,0.6883333333333334,7.6414625
2010-07-18,25.973842592592593,0.7354166666666666,13.674266666666668
2010-07-19,23.09097222222222,0.7783333333333333,10.608558333333333
2010-07-20,24.957004830917878,0.7869565217391304,7.4669
2010-07-21,26.59861111111111,0.7445833333333334,4.798470833333334
2010-07-22,27.107175925925926,0.73625,4.332241666666667
2010-07-23,27.821527777777778,0.7004166666666666,7.670979166666666
2010-07-24,22.186805555555555,0.8075,14.585258333333334
2010-07-25,17.112731481481482,0.9016666666666667,14.935433333333334
2010-07-26,17.316203703703703,0.875,5.967733333333334
2010-07-27,18.044212962962963,0.8725,6.4339625
2010-07-28,19.409722222222225,0.8079166666666667,12.181662500000002
2010-07-29,22.031944444444445,0.70375,7.510650000000001
2010-07-30,22.658101851851853,0.7054166666666667,13.687012500000002
2010-07-31,22.384027777777778,0.7929166666666667,10.085308333333334
2010-08-01,23.130092592592593,0.7929166666666667,10.1047625
2010-08-02,23.93310185185185,0.7225,3.4977250000000004
2010-08-03,25.071759259259256,0.7374999999999999,6.817679166666667
2010-08-04,21.09074074074074,0.8241666666666667,9.1548625
2010-08-05,22.215046296296293,0.80875,6.4467083333333335
2010-08-06,22.469675925925927,0.8554166666666667,7.986941666666667
2010-08-07,19.734953703703702,0.86,7.0196000000000005
2010-08-08,19.977777777777778,0.8033333333333333,6.8686625
2010-08-09,20.711574074074075,0.7908333333333334,6.754620833333334
2010-08-10,21.080092592592592,0.7554166666666666,5.9301666666666675
2010-08-11,22.358333333333334,0.7195833333333334,5.8141125
2010-08-12,23.841898148148147,0.71375,4.511354166666667
2010-08-13,26.419907407407408,0.7070833333333333,10.468354166666666
2010-08-14,26.4087962962963,0.7545833333333333,7.379166666666666
2010-08-15,26.608333333333334,0.7195833333333334,12.811575
2010-08-16,24.498611111111114,0.7570833333333332,9.3963625
2010-08-17,21.077314814814816,0.7370833333333334,8.632283333333334
2010-08-18,19.954398148148147,0.6983333333333334,4.9165375000000004
2010-08-19,20.652546296296297,0.7475,5.588041666666666
2010-08-20,21.37476851851852,0.6508333333333333,7.652866666666667
2010-08-21,21.385416666666668,0.6004166666666667,8.651066666666667
2010-08-22,21.0025462962963,0.6745833333333334,5.241891666666667
2010-08-23,22.128703703703703,0.6645833333333333,8.424995833333334
2010-08-24,23.7525462962963,0.67125,11.310250000000002
2010-08-25,20.379398148148148,0.7379166666666667,8.889883333333334
2010-08-26,20.877083333333335,0.7079166666666666,6.339375
2010-08-27,24.807407407407407,0.6266666666666666,14.143179166666668
2010-08-28,18.586574074074075,0.8849999999999999,9.295066666666667
2010-08-29,16.488888888888887,0.7183333333333333,13.6990875
2010-08-30,14.582175925925926,0.7766666666666667,8.139891666666667
2010-08-31,12.933796296296295,0.8295833333333333,19.758725000000002
2010-09-01,14.509953703703703,0.7458333333333332,25.02074166666667
2010-09-02,15.50162037037037,0.7233333333333333,18.213795833333332
2010-09-03,15.489814814814814,0.7704166666666666,4.9608125
2010-09-04,16.499305555555555,0.745,5.575966666666667
2010-09-05,14.924537037037036,0.7941666666666666,10.832616666666667
2010-09-06,11.861805555555556,0.9187500000000001,6.352120833333334
2010-09-07,12.850724637681159,0.9117391304347826,4.811100000000001
2010-09-08,17.76412037037037,0.8895833333333334,8.720833333333333
2010-09-09,19.7125,0.8650000000000001,8.995204166666667
2010-09-10,17.674074074074074,0.9812500000000001,7.192004166666667
2010-09-11,17.054166666666667,0.9170833333333334,5.619570833333333
2010-09-12,16.266203703703706,0.9570833333333333,6.020058333333334
2010-09-13,17.512037037037036,0.9120833333333334,5.618229166666667
2010-09-14,18.360879629629633,0.8424999999999999,7.455641666666668
2010-09-15,17.53472222222222,0.8241666666666667,7.240304166666667
2010-09-16,18.93888888888889,0.7804166666666666,8.247225
2010-09-17,17.86828703703704,0.89,7.183954166666667
2010-09-18,15.099537037037036,0.90875,10.043045833333334
2010-09-19,12.82800925925926,0.9770833333333333,13.546808333333333
2010-09-20,12.48425925925926,0.8054166666666666,6.882750000000001
2010-09-21,13.039120370370371,0.7754166666666666,3.2025583333333336
2010-09-22,13.946859903381641,0.7930434782608695,4.2700000000000005
2010-09-23,15.569212962962963,0.7758333333333334,4.918550000000001
2010-09-24,17.86574074074074,0.64,14.843529166666668
2010-09-25,17.993287037037035,0.7308333333333333,18.002483333333334
2010-09-26,17.116203703703704,0.8741666666666666,15.847095833333334
2010-09-27,13.458564814814814,0.8033333333333333,6.14215
2010-09-28,14.330555555555556,0.79625,8.568554166666667
2010-09-29,12.494675925925925,0.7641666666666667,13.895641666666668
2010-09-30,11.474768518518518,0.7095833333333333,15.911495833333333
2010-10-01,8.89861111111111,0.7941666666666666,6.185083333333334
2010-10-02,10.82800925925926,0.8262499999999999,5.343858333333333
2010-10-03,12.222916666666668,0.7200000000000001,7.497904166666667
2010-10-04,11.86064814814815,0.7720833333333333,16.373029166666665
2010-10-05,11.42060185185185,0.8704166666666667,17.3296375
2010-10-06,12.844907407407407,0.8775,6.980020833333334
2010-10-07,12.433333333333332,0.7741666666666666,7.546875
2010-10-08,8.749305555555555,0.84125,5.549133333333334
2010-10-09,7.216435185185186,0.8145833333333333,8.889212500000001
2010-10-10,8.470601851851852,0.7841666666666667,8.681925
2010-10-11,8.711342592592592,0.8175,3.3434333333333335
2010-10-12,9.242592592592592,0.8195833333333334,3.886808333333333
2010-10-13,10.043287037037038,0.7670833333333333,8.510191666666666
2010-10-14,8.85462962962963,0.7658333333333333,7.583100000000001
2010-10-15,8.129861111111111,0.81875,7.584441666666667
2010-10-16,7.967361111111111,0.9666666666666667,4.208808333333334
2010-10-17,10.272453703703704,0.9245833333333334,6.304491666666667
2010-10-18,11.282275132275132,0.9004761904761904,11.0975
2010-10-19,10.169607843137255,0.9370588235294117,13.913241176470589
2010-10-20,8.356944444444444,0.9345833333333333,10.825908333333333
2010-10-21,6.577314814814815,0.7683333333333334,15.614316666666667
2010-10-22,5.909953703703704,0.6995833333333333,11.481983333333334
2010-10-23,8.256018518518518,0.6970833333333334,11.490704166666667
2010-10-24,11.330092592592592,0.73,12.770654166666667
2010-10-25,11.267391304347825,0.8060869565217391,11.384800000000002
2010-10-26,7.7078703703703715,0.95375,14.9065875
2010-10-27,5.073842592592593,0.7933333333333333,13.110766666666668
2010-10-28,3.016203703703704,0.8066666666666666,4.821279166666667
2010-10-29,4.031712962962962,0.8041666666666667,3.186458333333334
2010-10-30,4.9013888888888895,0.8120833333333333,8.461891666666668
2010-10-31,7.4188888888888895,0.7136,10.681384000000001
2010-11-01,10.110879629629629,0.69125,13.318054166666668
2010-11-02,10.59212962962963,0.745,8.218379166666667
2010-11-03,9.966908212560385,0.773913043478261,6.252400000000001
2010-11-04,10.37337962962963,0.8725,8.472625
2010-11-05,12.130092592592591,0.80125,10.324125
2010-11-06,10.956018518518519,0.8083333333333332,6.2568625
2010-11-07,10.594675925925927,0.8254166666666666,10.2939375
2010-11-08,13.571296296296296,0.8029166666666666,21.294933333333336
2010-11-09,11.952083333333334,0.8937499999999999,16.928479166666666
2010-11-10,10.879629629629628,0.9620833333333333,10.3100375
2010-11-11,8.298611111111112,0.8904166666666667,9.8028875
2010-11-12,8.115700483091787,0.8634782608695651,13.228600000000002
2010-11-13,10.729166666666666,0.7954166666666667,8.994533333333333
2010-11-14,10.749305555555557,0.8266666666666667,8.4223125
2010-11-15,11.183564814814815,0.8266666666666667,7.265125
2010-11-16,11.393055555555556,0.85125,5.566575
2010-11-17,12.817361111111111,0.8395833333333332,11.176083333333333
2010-11-18,9.702083333333333,0.9812500000000001,5.304279166666666
2010-11-19,9.493518518518519,0.9279166666666666,11.207612500000002
2010-11-20,6.747453703703704,0.9920833333333333,5.457229166666667
2010-11-21,9.312731481481482,0.9108333333333333,11.943516666666667
2010-11-22,9.409661835748793,0.9130434782608695,24.3656
2010-11-23,6.777314814814814,0.8683333333333333,12.833041666666666
2010-11-24,4.139351851851852,0.77875,14.0210875
2010-11-25,3.055555555555556,0.8629166666666667,6.5849
2010-11-26,3.8289351851851845,0.93125,12.5439125
2010-11-27,2.0296296296296297,0.8725,18.960433333333334
2010-11-28,2.4828703703703705,0.9058333333333334,14.122383333333334
2010-11-29,5.184259259259259,0.9125,13.637370833333334
2010-11-30,1.7731481481481486,0.8366666666666666,6.807616666666667
2010-12-01,1.2400462962962961,0.9620833333333333,14.704666666666668
2010-12-02,2.8891203703703696,0.995,10.260395833333334
2010-12-03,3.2902777777777774,0.9824999999999999,11.716104166666668
2010-12-04,-0.20370370370370358,0.9058333333333334,15.1078375
2010-12-05,-1.4604166666666665,0.8762500000000001,11.652375000000001
2010-12-06,4.041203703703704,0.8870833333333333,21.459958333333333
2010-12-07,9.23310185185185,0.9120833333333334,16.09329166666667
2010-12-08,11.232638888888891,0.89875,12.368825000000001
2010-12-09,6.780555555555555,0.82375,26.1524375
2010-12-10,0.1273148148148149,0.7225,27.382745833333335
2010-12-11,-2.422916666666667,0.8891666666666667,13.544125000000001
2010-12-12,1.039855072463768,0.9060869565217391,13.251700000000001
2010-12-13,-0.47606837606837593,0.816923076923077,16.845553846153845
2010-12-14,-3.344907407407408,0.8854166666666666,14.458470833333335
2010-12-15,-3.279166666666667,0.9370833333333333,8.496775000000001
2010-12-16,-6.501620370370371,0.9570833333333333,9.311837500000001
2010-12-17,-7.777314814814815,0.9445833333333334,7.844725
2010-12-18,-7.406944444444444,0.93,14.273991666666667
2010-12-19,-8.21388888888889,0.89875,14.931408333333332
2010-12-20,0.183101851851852,0.875,17.387329166666667
2010-12-21,2.371064814814815,0.9495833333333333,6.100558333333333
2010-12-22,5.749305555555555,0.9500000000000001,11.728850000000001
2010-12-23,9.680787037037037,0.8775,14.3310125
2010-12-24,11.083333333333334,0.8133333333333334,19.8352
2010-12-25,4.256712962962962,0.9454166666666667,19.814404166666666
2010-12-26,-2.3241545893719806,0.96,18.722900000000003
2010-12-27,-5.533333333333332,0.9575,9.993404166666666
2010-12-28,-9.22800925925926,0.9500000000000001,6.795541666666668
2010-12-29,-7.522222222222222,0.9583333333333334,4.993683333333333
2010-12-30,-7.779861111111111,0.9670833333333334,3.2039000000000004
2010-12-31,-7.936342592592593,0.9674999999999999,2.928858333333334
2011-01-01,-5.658101851851852,0.9679166666666666,8.4525
2011-01-02,-3.592824074074074,0.9891666666666666,3.734529166666667
2011-01-03,-4.289583333333334,0.9754166666666667,3.489675
2011-01-04,-3.701388888888889,0.9179166666666667,6.802250000000001
2011-01-05,-6.256018518518519,0.9133333333333334,7.367091666666667
2011-01-06,-1.7289351851851853,0.87125,18.707529166666667
2011-01-07,1.9229166666666666,0.8879166666666666,16.92042916666667
2011-01-08,5.648842592592593,0.8887499999999999,12.231304166666668
2011-01-09,7.026851851851852,0.8820833333333334,10.996970833333334
2011-01-10,4.76550925925926,0.9366666666666666,8.146600000000001
2011-01-11,4.285879629629631,0.9454166666666667,10.552879166666667
2011-01-12,3.9819444444444443,0.945,8.058720833333334
2011-01-13,2.4018518518518523,0.9891666666666666,9.052895833333334
2011-01-14,7.434722222222223,0.9370833333333334,8.66985
2011-01-15,7.166435185185185,0.8375,17.5469875
2011-01-16,5.175694444444445,0.8612500000000001,6.348766666666667
2011-01-17,4.2935185185185185,0.915,8.254604166666667
2011-01-18,1.8750000000000002,0.9945833333333334,7.071925
2011-01-19,3.2912037037037045,0.96375,4.691808333333333
2011-01-20,2.1465277777777785,0.9633333333333334,9.913575
2011-01-21,1.3555555555555558,0.8004166666666667,21.523687499999998
2011-01-22,-0.01504629629629603,0.8445833333333334,19.701033333333335
2011-01-23,-1.40462962962963,0.8283333333333333,13.616575
2011-01-24,-1.6962962962962962,0.8887499999999999,9.208529166666667
2011-01-25,-4.738657407407407,0.9358333333333334,9.290370833333334
2011-01-26,-3.031481481481481,0.9233333333333333,10.990933333333333
2011-01-27,-1.525462962962963,0.9408333333333334,10.468354166666666
2011-01-28,-3.450462962962963,0.9195833333333333,9.196454166666667
2011-01-29,-5.6752314814814815,0.9783333333333334,3.0536333333333334
2011-01-30,-6.095138888888889,0.9700000000000001,3.1696875
2011-01-31,-4.922916666666667,0.9704166666666666,3.140170833333334
2011-02-01,-5.559490740740741,0.96375,4.388591666666667
2011-02-02,-5.759490740740741,0.9158333333333334,5.631645833333334
2011-02-03,-3.639583333333333,0.895,4.331570833333333
2011-02-04,-1.6608796296296298,0.9204166666666667,9.32995
2011-02-05,-0.3108796296296295,0.90875,12.939704166666667
2011-02-06,4.325,0.805,12.355408333333335
2011-02-07,3.873842592592593,0.8475,8.445791666666667
2011-02-08,4.035185185185185,0.8133333333333334,10.422066666666668
2011-02-09,3.152083333333333,0.7804166666666666,9.912904166666667
2011-02-10,-1.2770833333333331,0.9591666666666666,6.148858333333333
2011-02-11,1.7430555555555556,0.9320833333333334,9.479545833333333
2011-02-12,4.240046296296296,0.71125,18.757841666666668
2011-02-13,-0.783796296296296,0.7791666666666667,5.591395833333333
2011-02-14,0.5328703703703704,0.7275,11.706041666666666
2011-02-15,-0.23217592592592604,0.7320833333333333,11.9401625
2011-02-16,1.6386574074074078,0.7541666666666668,22.83650833333333
2011-02-17,1.9868055555555557,0.9029166666666667,15.390258333333334
2011-02-18,4.84375,0.85125,9.393008333333333
2011-02-19,5.333333333333333,0.86625,13.189925
2011-02-20,2.508080808080808,0.8577272727272728,6.611245454545455
2011-02-21,-0.2990740740740742,0.8758333333333334,14.397425
2011-02-22,-1.9303240740740744,0.7491666666666666,12.009929166666668
2011-02-23,-1.9555555555555555,0.8304166666666667,10.725283333333332
2011-02-24,-3.3043981481481484,0.9583333333333334,12.689483333333333
2011-02-25,-3.883564814814815,0.9695833333333334,12.515066666666668
2011-02-26,-3.1587962962962965,0.8275,6.9974625
2011-02-27,-4.986111111111111,0.895,3.3635583333333336
2011-02-28,-3.8868055555555556,0.875,3.925045833333334
2011-03-01,-2.1509259259259257,0.89875,4.2282625000000005
2011-03-02,-2.6168981481481484,0.9558333333333334,7.006183333333333
2011-03-03,0.17199074074074075,0.9445833333333334,5.2465875
2011-03-04,-0.3831018518518519,0.8841666666666667,4.6441791666666665
2011-03-05,-1.5233796296296296,0.8775,5.573954166666667
2011-03-06,-0.566898148148148,0.8875000000000001,12.264845833333334
2011-03-07,-1.3964646464646466,0.740909090909091,19.455386363636364
2011-03-08,-1.9428571428571428,0.7071428571428572,5.40155
2011-03-09,-2.264814814814815,0.7775,5.028566666666667
2011-03-10,0.6766203703703707,0.7637499999999999,6.553370833333333
2011-03-11,5.752546296296296,0.7416666666666667,7.2242041666666665
2011-03-12,7.763194444444444,0.7408333333333333,10.145683333333332
2011-03-13,10.077546296296296,0.6675,11.737570833333335
2011-03-14,11.53425925925926,0.7479166666666667,11.132479166666668
2011-03-15,13.19537037037037,0.75625,5.753066666666666
2011-03-16,12.88935185185185,0.775,13.430754166666667
2011-03-17,13.020531400966183,0.8043478260869565,25.018700000000003
2011-03-18,8.264583333333333,0.8483333333333333,15.129304166666666
2011-03-19,4.090740740740741,0.9229166666666666,14.037858333333334
2011-03-20,2.9553240740740745,0.9512499999999999,19.264320833333333
2011-03-21,4.8589371980676335,0.8417391304347825,11.6123
2011-03-22,6.9282407407407405,0.7129166666666666,4.569045833333333
2011-03-23,9.474074074074075,0.6491666666666667,5.734954166666667
2011-03-24,10.299768518518517,0.57125,10.927875
2011-03-25,12.074305555555554,0.5766666666666667,9.905525
2011-03-26,12.752546296296297,0.6375000000000001,13.724579166666667
2011-03-27,8.694444444444445,0.8021739130434782,8.0892
2011-03-28,9.290972222222221,0.8908333333333333,7.774958333333334
2011-03-29,9.45162037037037,0.78625,6.9122666666666674
2011-03-30,9.968287037037038,0.7304166666666667,3.3903916666666665
2011-03-31,11.964120370370372,0.6795833333333333,2.7993875
2011-04-01,11.98912037037037,0.7445833333333334,4.2282625000000005
2011-04-02,13.584953703703704,0.7258333333333334,7.548216666666666
2011-04-03,13.711342592592594,0.6191666666666666,8.085554166666666
2011-04-04,13.886574074074074,0.61375,6.8042625
2011-04-05,10.849074074074075,0.7725,17.426908333333333
2011-04-06,12.309953703703703,0.6683333333333333,9.7384875
2011-04-07,17.328009259259257,0.6804166666666666,13.408616666666667
2011-04-08,15.111111111111109,0.425,32.4274125
2011-04-09,13.947916666666666,0.43041666666666667,31.27425
2011-04-10,10.336342592592592,0.46125,17.378608333333336
2011-04-11,10.283101851851852,0.50625,8.205633333333333
2011-04-12,13.810802469135801,0.6144444444444445,19.322683333333334
2011-04-13,9.210714285714287,0.5485714285714286,25.52195
2011-04-14,7.156481481481482,0.78875,17.704633333333334
2011-04-15,8.283101851851852,0.8016666666666666,10.642100000000001
2011-04-16,10.704166666666666,0.5575,12.925616666666668
2011-04-17,10.655324074074073,0.6133333333333334,4.9728875
2011-04-18,12.043055555555556,0.5812499999999999,7.0819875
2011-04-19,13.338888888888889,0.5775,12.397670833333335
2011-04-20,14.531712962962963,0.5379166666666667,9.934370833333334
2011-04-21,15.127546296296295,0.5920833333333334,6.6828416666666675
2011-04-22,17.491435185185185,0.4575,11.160654166666667
2011-04-23,16.205324074074074,0.4683333333333333,16.012120833333334
2011-04-24,14.778240740740742,0.48333333333333334,15.733054166666667
2011-04-25,16.96851851851852,0.44458333333333333,14.913295833333335
2011-04-26,15.937268518518517,0.47750000000000004,8.904641666666667
2011-04-27,15.628240740740742,0.5258333333333334,7.212129166666667
2011-04-28,14.227546296296296,0.6579166666666666,6.67345
2011-04-29,14.61736111111111,0.7229166666666668,5.854362500000001
2011-04-30,15.530555555555557,0.6908333333333333,7.923212500000001
2011-05-01,13.186805555555557,0.91125,9.2514625
2011-05-02,14.18773148148148,0.8033333333333333,9.914916666666668
2011-05-03,13.877083333333333,0.79625,15.8846625
2011-05-04,9.518055555555556,0.7379166666666667,18.0823125
2011-05-05,10.296064814814814,0.5470833333333334,13.431425000000003
2011-05-06,10.932638888888889,0.5045833333333333,7.045091666666667
2011-05-07,12.591203703703703,0.5779166666666666,13.760133333333334
2011-05-08,8.905092592592593,0.8720833333333333,8.5974
2011-05-09,13.077777777777778,0.7341666666666667,13.898995833333332
2011-05-10,16.806712962962962,0.70375,12.478170833333335
2011-05-11,17.70162037037037,0.5825,12.497625
2011-05-12,17.31527777777778,0.5608333333333334,7.499245833333334
2011-05-13,16.449768518518518,0.6641666666666667,11.846245833333334
2011-05-14,17.705324074074074,0.57375,7.402645833333334
2011-05-15,16.7875,0.6920833333333333,15.5043
2011-05-16,11.338657407407409,0.88375,16.570925
2011-05-17,15.115277777777777,0.7341666666666667,10.998983333333335
2011-05-18,18.339351851851852,0.7420833333333333,6.847195833333333
2011-05-19,19.585185185185185,0.73875,4.070616666666667
2011-05-20,20.734953703703706,0.6645833333333333,3.8935166666666667
2011-05-21,21.133333333333333,0.6791666666666667,7.028320833333333
2011-05-22,21.283333333333335,0.6666666666666666,7.632070833333334
2011-05-23,20.74513888888889,0.7204166666666666,9.952483333333333
2011-05-24,21.7400462962963,0.7033333333333333,4.4576875000000005
2011-05-25,21.49259259259259,0.6570833333333334,11.148579166666666
2011-05-26,19.78425925925926,0.5029166666666667,8.733579166666667
2011-05-27,22.40625,0.6320833333333333,19.099966666666667
2011-05-28,19.360416666666666,0.7312500000000001,13.749400000000001
2011-05-29,17.672685185185184,0.6720833333333333,10.833958333333333
2011-05-30,20.619212962962962,0.6645833333333333,6.0093250000000005
2011-05-31,21.72415458937198,0.6756521739130434,5.2094000000000005
2011-06-01,21.556038647342994,0.7282608695652174,7.399700000000001
2011-06-02,21.696296296296296,0.7683333333333334,11.995841666666669
2011-06-03,22.946527777777778,0.7204166666666666,8.3699875
2011-06-04,23.806944444444444,0.6770833333333334,5.959683333333333
2011-06-05,24.03865740740741,0.6433333333333333,8.304245833333335
2011-06-06,24.353703703703705,0.6525,15.390258333333335
2011-06-07,24.65949074074074,0.6229166666666667,16.514575
2011-06-08,23.80717592592592,0.6408333333333333,14.805962500000001
2011-06-09,19.630092592592593,0.7954166666666667,15.845754166666667
2011-06-10,17.65300925925926,0.7479166666666667,12.96855
2011-06-11,17.863657407407405,0.7745833333333333,5.109066666666667
2011-06-12,19.39560185185185,0.7029166666666667,9.060274999999999
2011-06-13,20.33125,0.6308333333333334,10.189958333333333
2011-06-14,20.65023148148148,0.64625,7.677016666666667
2011-06-15,21.62708333333333,0.6558333333333334,5.6759208333333335
2011-06-16,22.741666666666664,0.6195833333333333,4.158495833333333
2011-06-17,23.99189814814815,0.6383333333333333,7.213470833333333
2011-06-18,24.870601851851855,0.63625,11.930100000000001
2011-06-19,16.636574074074073,0.8025000000000001,15.346654166666667
2011-06-20,17.080324074074074,0.64875,13.254325000000001
2011-06-21,21.842824074074073,0.5470833333333334,10.326808333333334
2011-06-22,24.728472222222223,0.5508333333333334,8.5672125
2011-06-23,25.240046296296295,0.6208333333333333,8.05
2011-06-24,20.993055555555557,0.70375,16.915733333333332
2011-06-25,18.658333333333335,0.5575,20.913229166666667
2011-06-26,16.96689814814815,0.615,12.245391666666668
2011-06-27,18.87476851851852,0.62625,10.940620833333334
2011-06-28,18.76550925925926,0.6537499999999999,12.388279166666669
2011-06-29,19.725462962962965,0.8229166666666666,10.208070833333334
2011-06-30,19.68768115942029,0.8647826086956522,8.3321
2011-07-01,16.91574074074074,0.7270833333333333,23.292675000000003
2011-07-02,14.325462962962964,0.7791666666666667,10.395904166666668
2011-07-03,16.719675925925923,0.6820833333333334,9.140775
2011-07-04,18.663194444444443,0.7341666666666667,13.267741666666668
2011-07-05,19.73125,0.7466666666666667,10.817858333333334
2011-07-06,19.768981481481482,0.6658333333333334,10.5676375
2011-07-07,23.485416666666666,0.6270833333333333,6.882750000000001
2011-07-08,26.069212962962965,0.605,11.251216666666666
2011-07-09,27.286342592592593,0.6054166666666666,5.665858333333333
2011-07-10,28.433796296296297,0.54875,9.006608333333334
2011-07-11,27.25046296296296,0.60875,7.934616666666667
2011-07-12,24.997685185185187,0.5945833333333334,10.066525
2011-07-13,25.461111111111112,0.5912499999999999,7.8084999999999996
2011-07-14,27.857870370370375,0.535,14.216300000000002
2011-07-15,26.543287037037036,0.5566666666666666,13.753425
2011-07-16,21.92638888888889,0.5954166666666666,8.928120833333333
2011-07-17,23.80162037037037,0.595,5.129862500000001
2011-07-18,26.0525462962963,0.6466666666666666,6.219295833333334
2011-07-19,27.367824074074075,0.6016666666666667,10.053108333333334
2011-07-20,20.596064814814817,0.7925,10.484454166666668
2011-07-21,16.64490740740741,0.8491666666666666,16.0617625
2011-07-22,19.32847222222222,0.7541666666666668,10.336870833333334
2011-07-23,18.60625,0.8641666666666666,7.812525
2011-07-24,20.026157407407407,0.8166666666666668,3.901566666666667
2011-07-25,16.89351851851852,0.9066666666666667,10.6199625
2011-07-26,17.44976851851852,0.84375,5.487416666666667
2011-07-27,19.92361111111111,0.785,7.2852500000000004
2011-07-28,20.43078703703704,0.7966666666666667,8.245212500000001
2011-07-29,19.277546296296297,0.8920833333333333,4.6669875
2011-07-30,19.434722222222224,0.7858333333333333,15.268166666666668
2011-07-31,17.3875,0.7979166666666666,11.702016666666667
2011-08-01,18.623611111111114,0.8004166666666667,9.808254166666666
2011-08-02,19.952083333333334,0.8574999999999999,4.5978916666666665
2011-08-03,22.120833333333334,0.7291666666666666,4.981608333333334
2011-08-04,22.40578703703704,0.6679166666666667,9.047529166666667
2011-08-05,21.660416666666666,0.7458333333333332,6.7841375
2011-08-06,22.98148148148148,0.7208333333333333,10.5616
2011-08-07,25.64398148148148,0.6770833333333334,13.116804166666666
2011-08-08,26.02638888888889,0.66125,12.88805
2011-08-09,19.30324074074074,0.7208333333333333,12.9544625
2011-08-10,18.678935185185185,0.6141666666666666,17.875025
2011-08-11,17.588657407407407,0.6166666666666667,8.622891666666668
2011-08-12,19.549537037037037,0.665,4.7112625
2011-08-13,21.5962962962963,0.6658333333333334,5.585358333333333
2011-08-14,22.889351851851853,0.6708333333333334,4.740779166666667
2011-08-15,24.12037037037037,0.6316666666666667,4.795116666666667
2011-08-16,22.681944444444444,0.6904166666666667,12.328575
2011-08-17,22.553935185185185,0.6541666666666667,8.109033333333334
2011-08-18,23.128009259259258,0.6104166666666667,4.455004166666667
2011-08-19,24.984490740740743,0.5666666666666667,7.470400000000001
2011-08-20,24.29143518518519,0.6183333333333333,13.599133333333334
2011-08-21,21.085416666666664,0.6054166666666667,3.7284916666666668
2011-08-22,23.539814814814815,0.5954166666666666,2.68065
2011-08-23,26.242824074074075,0.5616666666666666,4.8125583333333335
2011-08-24,26.414814814814815,0.6057142857142858,5.0193666666666665
2011-08-25,28.263888888888886,0.5404166666666667,5.082233333333334
2011-08-26,28.674537037037037,0.4925,16.626604166666667
2011-08-27,26.34421296296296,0.44916666666666666,19.8533125
2011-08-28,22.395370370370372,0.5516666666666666,7.6213375
2011-08-29,21.944675925925925,0.5854166666666667,7.163158333333334
2011-08-30,22.834953703703704,0.5383333333333333,6.4285958333333335
2011-08-31,21.52685185185185,0.5154166666666667,9.221945833333335
2011-09-01,22.126388888888886,0.5620833333333334,5.949620833333333
2011-09-02,21.60902777777778,0.6979166666666666,6.087141666666668
2011-09-03,21.944444444444443,0.6116666666666667,4.480495833333333
2011-09-04,23.25,0.5233333333333333,7.703179166666668
2011-09-05,25.544212962962963,0.5020833333333333,11.333729166666666
2011-09-06,20.12384259259259,0.69375,12.810904166666667
2011-09-07,18.819675925925925,0.6945833333333332,4.643508333333334
2011-09-08,17.772453703703704,0.6887500000000001,8.410908333333333
2011-09-09,18.466898148148147,0.6687500000000001,13.295916666666669
2011-09-10,20.92337962962963,0.6220833333333333,6.390358333333334
2011-09-11,23.997222222222224,0.5470833333333333,7.567
2011-09-12,22.41717171717172,0.600909090909091,10.181054545454545
2011-09-13,21.822685185185183,0.56375,6.78615
2011-09-14,23.149305555555557,0.5579166666666667,5.696716666666667
2011-09-15,20.393981481481482,0.57375,11.518208333333334
2011-09-16,18.840046296296297,0.5358333333333333,6.473541666666667
2011-09-17,20.009027777777778,0.5583333333333333,6.886104166666667
2011-09-18,23.275694444444444,0.4970833333333333,14.508783333333334
2011-09-19,24.708101851851854,0.49124999999999996,21.682675
2011-09-20,17.387268518518518,0.8937499999999999,8.4021875
2011-09-21,18.783564814814813,0.7691666666666667,11.13315
2011-09-22,18.35300925925926,0.7620833333333333,7.083329166666666
2011-09-23,17.283333333333335,0.6608333333333333,10.681679166666667
2011-09-24,15.667592592592593,0.6279166666666667,9.282320833333333
2011-09-25,16.240972222222222,0.58,6.177704166666667
2011-09-26,17.63449074074074,0.6,5.480708333333333
2011-09-27,18.268287037037037,0.61625,4.016279166666667
2011-09-28,18.20138888888889,0.57875,10.573675
2011-09-29,16.955092592592592,0.46291666666666664,12.875304166666666
2011-09-30,16.778472222222224,0.6045833333333334,9.326595833333334
2011-10-01,17.564583333333335,0.6208333333333333,6.9934375
2011-10-02,16.598842592592593,0.6408333333333334,8.2532625
2011-10-03,15.327083333333334,0.6041666666666666,3.6976333333333335
2011-10-04,16.24976851851852,0.6233333333333334,3.780816666666667
2011-10-05,17.6125,0.62375,8.229112500000001
2011-10-06,17.26412037037037,0.6425,6.752608333333334
2011-10-07,13.642361111111112,0.7016666666666667,18.040720833333335
2011-10-08,9.768287037037037,0.7208333333333333,12.916224999999999
2011-10-09,8.778009259259258,0.78625,15.258104166666667
2011-10-10,7.81183574879227,0.7195652173913044,9.03
2011-10-11,11.621064814814815,0.8624999999999999,6.497020833333334
2011-10-12,15.05462962962963,0.7362500000000001,14.1096375
2011-10-13,10.78287037037037,0.7229166666666668,9.918941666666667
2011-10-14,6.441435185185185,0.7308333333333333,10.281191666666667
2011-10-15,5.886111111111112,0.6745833333333334,11.0063625
2011-10-16,5.46087962962963,0.5679166666666666,14.7979125
2011-10-17,3.2418981481481484,0.6008333333333333,6.788162499999999
2011-10-18,4.170138888888888,0.5408333333333334,5.447166666666667
2011-10-19,10.267592592592594,0.5391666666666667,14.615445833333334
2011-10-20,10.889814814814814,0.7208333333333333,12.236670833333335
2011-10-21,7.256481481481482,0.8454166666666666,12.7974875
2011-10-22,6.166435185185185,0.8454166666666666,6.7190666666666665
2011-10-23,9.162268518518518,0.9591666666666666,8.820116666666667
2011-10-24,9.40462962962963,0.9166666666666666,9.993404166666666
2011-10-25,9.919907407407408,0.77,20.52884166666667
2011-10-26,10.505787037037036,0.6737500000000001,18.7585125
2011-10-27,10.219444444444445,0.6220833333333333,18.84840416666667
2011-10-28,8.79074074074074,0.6516666666666667,11.909304166666667
2011-10-29,7.741203703703704,0.70375,5.1493166666666665
2011-10-30,7.752888888888889,0.6951999999999999,5.146848
2011-10-31,7.857870370370371,0.7008333333333333,3.444729166666667
2011-11-01,6.431018518518518,0.7533333333333334,1.9943875000000002
2011-11-02,6.016203703703703,0.7620833333333333,5.724220833333334
2011-11-03,5.549537037037037,0.8041666666666667,5.808745833333333
2011-11-04,7.509722222222222,0.7287500000000001,12.580137500000001
2011-11-05,10.466203703703703,0.6204166666666667,12.631791666666667
2011-11-06,10.056712962962964,0.6229166666666667,15.580104166666667
2011-11-07,9.533333333333333,0.69,18.912804166666668
2011-11-08,9.223611111111111,0.7095833333333333,11.5738875
2011-11-09,6.678472222222222,0.7504166666666667,3.1730416666666668
2011-11-10,4.636342592592593,0.7454166666666667,9.721716666666667
2011-11-11,2.6888888888888887,0.7283333333333334,8.451829166666668
2011-11-12,2.1673611111111106,0.6875,4.330900000000001
2011-11-13,-0.06851851851851841,0.7625000000000001,2.7222416666666667
2011-11-14,0.5222222222222225,0.7708333333333334,3.4058208333333333
2011-11-15,0.9687500000000003,0.7558333333333334,2.973804166666667
2011-11-16,-0.3946759259259262,0.7991666666666667,6.888116666666668
2011-11-17,-1.0909722222222218,0.8462500000000001,2.339866666666667
2011-11-18,-1.360648148148148,0.8791666666666668,4.889033333333333
2011-11-19,1.5254629629629635,0.8495833333333334,4.686441666666667
2011-11-20,1.4548611111111116,0.7741666666666666,3.5279125
2011-11-21,-0.4349537037037041,0.8204166666666666,4.9930125
2011-11-22,-1.5048611111111114,0.86,4.994354166666667
2011-11-23,-1.9868055555555555,0.8670833333333333,6.2890625
2011-11-24,-2.349537037037037,0.9275000000000001,4.8843375
2011-11-25,-0.6863425925925926,0.92875,3.7284916666666668
2011-11-26,-0.08680555555555565,0.9083333333333333,6.3078458333333325
2011-11-27,1.2613425925925927,0.8875000000000001,11.766416666666666
2011-11-28,1.8807870370370374,0.8529166666666667,8.737604166666667
2011-11-29,-1.5729166666666663,0.9566666666666667,7.589808333333334
2011-11-30,-2.5719907407407407,0.9645833333333332,4.947395833333334
2011-12-01,-1.6717592592592594,0.9541666666666666,4.54825
2011-12-02,-1.1229166666666668,0.9516666666666667,8.367304166666667
2011-12-03,4.603703703703704,0.9362499999999999,5.679945833333334
2011-12-04,8.80023148148148,0.8475,11.958275
2011-12-05,8.949074074074074,0.7841666666666667,18.6458125
2011-12-06,3.3567129629629626,0.7912499999999999,8.4847
2011-12-07,1.4592592592592595,0.8908333333333333,9.661341666666667
2011-12-08,4.93287037037037,0.6679166666666667,21.278833333333335
2011-12-09,2.9958333333333336,0.7595833333333334,13.741349999999999
2011-12-10,7.253935185185185,0.8229166666666666,10.243625
2011-12-11,5.645833333333333,0.7429166666666666,6.6399083333333335
2011-12-12,7.442592592592592,0.8479166666666668,14.993795833333335
2011-12-13,6.351157407407407,0.9129166666666667,8.816762500000001
2011-12-14,5.422222222222222,0.9483333333333334,12.910187500000001
2011-12-15,7.12962962962963,0.9291666666666667,6.661375
2011-12-16,6.801157407407408,0.81875,22.67685
2011-12-17,4.741203703703704,0.8295833333333333,24.957683333333335
2011-12-18,2.1747685185185186,0.7795833333333334,11.053991666666667
2011-12-19,0.19328703703703712,0.8775,13.945283333333334
2011-12-20,-0.8925925925925924,0.9091666666666667,11.015754166666667
2011-12-21,-3.1064814814814814,0.8624999999999999,9.403741666666667
2011-12-22,-0.16412037037037044,0.89875,8.098970833333334
2011-12-23,-1.6178240740740744,0.9329166666666667,8.892566666666667
2011-12-24,-0.15787037037037033,0.8766666666666666,9.829720833333335
2011-12-25,1.2099537037037036,0.8891666666666667,9.198466666666667
2011-12-26,-0.26527777777777833,0.9179166666666667,5.801366666666667
2011-12-27,2.0032407407407407,0.91375,7.568341666666668
2011-12-28,3.1425925925925924,0.9333333333333332,3.6728125000000005
2011-12-29,2.0696759259259263,0.8820833333333334,5.637683333333334
2011-12-30,1.1175925925925927,0.9158333333333334,7.994320833333334
2011-12-31,1.2189814814814817,0.8312499999999999,8.802675
2012-01-01,0.12986111111111096,0.8304166666666667,8.9012875
2012-01-02,3.4555555555555557,0.7937500000000001,11.785200000000001
2012-01-03,5.20162037037037,0.83625,9.242070833333333
2012-01-04,3.8391203703703702,0.8937499999999999,11.7550125
2012-01-05,4.210185185185185,0.7374999999999999,16.579645833333334
2012-01-06,4.044202898550725,0.731304347826087,20.8523
2012-01-07,1.4567129629629632,0.69625,17.036483333333333
2012-01-08,2.1310185185185184,0.92125,8.986483333333334
2012-01-09,2.466898148148148,0.8887499999999999,8.988495833333333
2012-01-10,1.2127314814814818,0.9125000000000001,8.377366666666667
2012-01-11,3.170138888888889,0.8520833333333333,7.651525
2012-01-12,4.3,0.82125,10.877562500000002
2012-01-13,2.8854166666666665,0.7425,19.735916666666668
2012-01-14,1.5275462962962962,0.68375,24.75106666666667
2012-01-15,-0.49513888888888885,0.6529166666666667,19.153633333333335
2012-01-16,-2.851388888888889,0.7362500000000001,6.1341
2012-01-17,-1.9305555555555554,0.8525,10.694425
2012-01-18,-1.5266203703703705,0.9195833333333333,6.384991666666667
2012-01-19,-0.0659722222222225,0.8841666666666667,12.362116666666667
2012-01-20,4.4155092592592595,0.8679166666666666,13.872162500000002
2012-01-21,1.5972222222222223,0.76125,15.575408333333334
2012-01-22,4.426388888888889,0.7145833333333332,18.9436625
2012-01-23,5.3939814814814815,0.7420833333333333,15.633770833333335
2012-01-24,3.7750000000000004,0.8733333333333334,8.329066666666668
2012-01-25,1.1173611111111115,0.7200000000000001,25.185766666666666
2012-01-26,-0.5641203703703702,0.8758333333333334,16.593733333333333
2012-01-27,-1.943287037037037,0.78125,8.598070833333333
2012-01-28,-1.373611111111111,0.7695833333333333,10.495858333333333
2012-01-29,-2.627083333333333,0.73,7.006183333333333
2012-01-30,-5.486574074074074,0.77,5.989870833333334
2012-01-31,-6.508101851851852,0.73375,7.1846250000000005
2012-02-01,-6.322453703703704,0.6158333333333333,8.561845833333335
2012-02-02,-9.922916666666667,0.58,9.1307125
2012-02-03,-11.225462962962963,0.6691666666666666,18.055479166666668
2012-02-04,-10.75162037037037,0.8450000000000001,14.697958333333334
2012-02-05,-12.05144927536232,0.758695652173913,6.5737
2012-02-06,-11.371527777777779,0.8025000000000001,13.3952
2012-02-07,-9.005324074074073,0.8004166666666667,11.177425
2012-02-08,-15.125,0.63875,6.082445833333334
2012-02-09,-15.534722222222221,0.6670833333333334,6.581545833333333
2012-02-10,-15.77361111111111,0.7154166666666667,4.4275
2012-02-11,-13.202314814814814,0.7025,7.828625
2012-02-12,-8.670370370370371,0.77625,7.932604166666667
2012-02-13,-6.494212962962963,0.8333333333333334,5.8422875
2012-02-14,-8.871527777777777,0.7925,6.684854166666667
2012-02-15,-4.773148148148148,0.8191666666666667,19.942533333333333
2012-02-16,-0.4097222222222221,0.6745833333333334,24.859070833333334
2012-02-17,-4.45162037037037,0.8962500000000001,9.330620833333333
2012-02-18,1.6643518518518519,0.8224999999999999,10.118179166666666
2012-02-19,0.17754629629629617,0.8520833333333333,14.763029166666668
2012-02-20,1.0518518518518518,0.90375,10.184591666666668
2012-02-21,-0.35162037037037025,0.7508333333333334,7.709887500000001
2012-02-22,-4.152083333333334,0.8779166666666667,5.7497125
2012-02-23,-4.766666666666667,0.9283333333333333,11.333058333333334
2012-02-24,3.967592592592593,0.7983333333333333,14.537629166666667
2012-02-25,6.622916666666666,0.715,20.540245833333334
2012-02-26,4.414814814814815,0.7029166666666667,17.923995833333333
2012-02-27,1.443287037037037,0.5870833333333333,14.326316666666669
2012-02-28,-1.4273148148148147,0.7975,10.377791666666667
2012-02-29,6.177083333333333,0.7945833333333333,16.92915
2012-03-01,4.811805555555556,0.7341666666666667,6.770720833333333
2012-03-02,8.949074074074074,0.7783333333333333,13.917108333333333
2012-03-03,4.846759259259259,0.7087499999999999,7.418075000000001
2012-03-04,2.8831018518518516,0.5775,9.7405
2012-03-05,1.6055555555555552,0.5458333333333333,12.144766666666667
2012-03-06,-0.6076388888888887,0.5720833333333334,11.538333333333334
2012-03-07,-1.425,0.48458333333333337,9.543275
2012-03-08,0.5900462962962963,0.5729166666666666,8.4464625
2012-03-09,1.805324074074074,0.6308333333333334,4.613991666666667
2012-03-10,2.276388888888889,0.6470833333333333,3.650675
2012-03-11,3.5094907407407407,0.7329166666666667,16.835233333333335
2012-03-12,4.677777777777778,0.47695652173913045,14.8911
2012-03-13,6.672222222222222,0.55625,6.251495833333333
2012-03-14,7.467129629629629,0.6620833333333334,13.146991666666667
2012-03-15,7.026851851851852,0.635,11.415570833333334
2012-03-16,8.545833333333333,0.4683333333333333,8.560504166666666
2012-03-17,11.619806763285023,0.4547826086956521,11.781
2012-03-18,14.005555555555555,0.4081818181818182,15.387940909090908
2012-03-19,13.242592592592594,0.5470833333333334,16.330095833333335
2012-03-20,10.87476851851852,0.47333333333333333,8.998558333333333
2012-03-21,10.831018518518519,0.4383333333333333,8.6195375
2012-03-22,12.02199074074074,0.46125,2.5967958333333336
2012-03-23,12.752546296296297,0.4795833333333333,3.4970541666666666
2012-03-24,12.790046296296296,0.49666666666666665,5.131204166666667
2012-03-25,13.648067632850243,0.45260869565217393,10.8892
2012-03-26,10.556944444444445,0.29791666666666666,17.7120125
2012-03-27,8.79675925925926,0.3558333333333333,13.372391666666667
2012-03-28,11.52175925925926,0.4366666666666667,9.274941666666667
2012-03-29,14.294675925925924,0.3979166666666667,23.172595833333332
2012-03-30,10.258333333333333,0.5529166666666666,31.048179166666667
2012-03-31,12.344444444444443,0.5708333333333333,22.598362500000004
2012-04-01,6.55162037037037,0.42041666666666666,24.19964166666667
2012-04-02,7.478472222222222,0.3958333333333333,15.875270833333333
2012-04-03,11.746296296296295,0.4741666666666667,14.860970833333333
2012-04-04,16.652657004830917,0.5434782608695652,10.103800000000001
2012-04-05,17.215046296296297,0.5908333333333333,8.6638125
2012-04-06,15.206018518518519,0.6745833333333334,16.092620833333335
2012-04-07,11.691203703703701,0.7966666666666667,9.8592375
2012-04-08,7.025231481481481,0.59875,26.352345833333334
2012-04-09,3.585185185185185,0.5841666666666666,12.3144875
2012-04-10,5.324537037037038,0.5691666666666667,8.63765
2012-04-11,11.55162037037037,0.4795833333333333,13.639383333333335
2012-04-12,12.05023148148148,0.615,16.295883333333332
2012-04-13,12.115046296296297,0.5866666666666667,9.0059375
2012-04-14,11.392592592592592,0.9120833333333334,8.286133333333334
2012-04-15,13.506944444444445,0.7875,10.497200000000001
2012-04-16,12.916435185185186,0.7225,11.993158333333334
2012-04-17,7.720601851851851,0.8908333333333333,17.76635
2012-04-18,8.26574074074074,0.8937499999999999,8.1043375
2012-04-19,9.925231481481482,0.8229166666666666,10.255029166666667
2012-04-20,12.664583333333333,0.7079166666666666,8.932145833333333
2012-04-21,12.437268518518517,0.8004166666666667,12.764616666666667
2012-04-22,12.74236111111111,0.7429166666666666,13.244933333333334
2012-04-23,13.058333333333335,0.7941666666666666,8.966358333333334
2012-04-24,15.018287037037036,0.7425,17.316220833333333
2012-04-25,12.444444444444445,0.7362500000000001,11.800629166666667
2012-04-26,15.244675925925925,0.6224999999999999,14.186783333333333
2012-04-27,18.64242424242424,0.5404545454545455,9.006486363636364
2012-04-28,20.706481481481482,0.53,9.302445833333334
2012-04-29,21.35648148148148,0.44166666666666665,18.483470833333335
2012-04-30,21.429166666666664,0.4683333333333333,9.311166666666667
2012-05-01,21.506060606060604,0.4840909090909091,6.227040909090909
2012-05-02,22.316203703703703,0.5304166666666666,5.543095833333333
2012-05-03,22.81226851851852,0.48458333333333337,8.789929166666667
2012-05-04,18.19351851851852,0.7383333333333333,12.091099999999999
2012-05-05,17.66875,0.6529166666666667,11.329704166666668
2012-05-06,19.238194444444442,0.50125,12.440604166666667
2012-05-07,16.423188405797102,0.782608695652174,9.8315
2012-05-08,14.559490740740742,0.7958333333333334,9.439295833333334
2012-05-09,16.287037037037035,0.6758333333333333,6.513791666666667
2012-05-10,18.200925925925926,0.6279166666666667,5.268725000000001
2012-05-11,20.655324074074073,0.5820833333333334,4.0598833333333335
2012-05-12,22.339814814814815,0.5554166666666667,8.456525000000001
2012-05-13,11.325694444444444,0.78125,20.077370833333333
2012-05-14,9.811111111111112,0.835,13.257679166666668
2012-05-15,11.721527777777778,0.8929166666666667,9.813620833333333
2012-05-16,13.816435185185185,0.755,16.087254166666668
2012-05-17,11.575694444444444,0.7220833333333333,15.289633333333335
2012-05-18,12.999768518518517,0.62,9.596941666666668
2012-05-19,15.893749999999999,0.6829166666666667,3.9646250000000003
2012-05-20,19.487731481481482,0.6316666666666667,6.318579166666667
2012-05-21,20.747222222222224,0.63125,17.85825416666667
2012-05-22,17.328935185185184,0.8404166666666667,10.3462625
2012-05-23,18.213425925925925,0.8379166666666666,6.001945833333334
2012-05-24,19.301754385964912,0.7289473684210526,19.32254210526316
2012-05-25,18.220048309178743,0.561304347826087,21.1323
2012-05-26,14.587037037037037,0.6575,14.28875
2012-05-27,16.05439814814815,0.6283333333333333,11.586633333333333
2012-05-28,15.159259259259258,0.6633333333333333,9.004595833333335
2012-05-29,14.7,0.7806666666666667,8.7262
2012-05-30,20.903086419753087,0.5683333333333334,9.981105555555555
2012-05-31,19.93125,0.61,9.205845833333333
2012-06-01,18.511342592592595,0.6983333333333334,12.502320833333334
2012-06-02,18.041666666666668,0.6445833333333334,9.152849999999999
2012-06-03,22.056712962962962,0.6725,12.800170833333333
2012-06-04,22.941666666666666,0.6158333333333333,12.1293375
2012-06-05,16.51388888888889,0.7725,17.867645833333334
2012-06-06,15.621064814814815,0.6583333333333333,10.125558333333334
2012-06-07,19.97175925925926,0.65125,8.5350125
2012-06-08,23.302314814814817,0.6395833333333333,11.699333333333334
2012-06-09,25.337499999999995,0.6124999999999999,6.97935
2012-06-10,22.99050925925926,0.6929166666666666,10.520679166666667
2012-06-11,20.25,0.7916666666666666,9.073020833333333
2012-06-12,19.24675925925926,0.86625,10.2617375
2012-06-13,18.483950617283952,0.7683333333333333,16.58747222222222
2012-06-14,18.54791666666667,0.685,10.330162500000002
2012-06-15,22.43858024691358,0.5327777777777778,5.380977777777778
2012-06-16,22.40023148148148,0.5829166666666666,7.0229541666666675
2012-06-17,24.720138888888886,0.5595833333333333,8.680583333333333
2012-06-18,25.43425925925926,0.57875,8.4947625
2012-06-19,25.254012345679016,0.5855555555555555,9.041938888888888
2012-06-20,27.436805555555555,0.50375,11.1593125
2012-06-21,27.809027777777775,0.47875,12.157512500000001
2012-06-22,25.272222222222222,0.6158333333333333,12.999408333333333
2012-06-23,24.35324074074074,0.54625,13.03295
2012-06-24,23.75763888888889,0.5254166666666666,8.127816666666666
2012-06-25,21.798842592592592,0.67125,10.965441666666665
2012-06-26,19.431944444444444,0.57,15.704879166666666
2012-06-27,19.122685185185187,0.54,9.302445833333334
2012-06-28,21.82847222222222,0.5570833333333333,7.431491666666666
2012-06-29,25.76273148148148,0.5458333333333333,5.606825000000001
2012-06-30,28.2787037037037,0.4791666666666667,8.626916666666666
2012-07-01,29.108333333333334,0.48291666666666666,8.585325
2012-07-02,29.10439814814815,0.48458333333333337,11.063383333333334
2012-07-03,28.290046296296296,0.435,14.38535
2012-07-04,27.9900462962963,0.43,6.3413875
2012-07-05,29.052657004830916,0.44739130434782604,6.0837
2012-07-06,28.90625,0.4608333333333334,11.887166666666667
2012-07-07,28.072453703703705,0.52625,5.1063833333333335
2012-07-08,29.140740740740743,0.5270833333333333,7.059179166666667
2012-07-09,27.37169312169312,0.5019047619047619,12.387033333333333
2012-07-10,26.057004830917876,0.5552173913043478,8.7262
2012-07-11,24.692690058479535,0.5689473684210526,5.853621052631579
2012-07-12,22.51868686868687,0.6695454545454546,13.03734090909091
2012-07-13,21.38801169590643,0.611578947368421,8.717726315789475
2012-07-14,24.683796296296297,0.5650000000000001,7.9312625
2012-07-15,21.81574074074074,0.5929166666666666,15.189008333333334
2012-07-16,19.59351851851852,0.5770833333333333,19.385070833333334
2012-07-17,20.29837962962963,0.48500000000000004,14.3793125
2012-07-18,21.26712962962963,0.525,12.108541666666667
2012-07-19,24.082407407407405,0.4708333333333334,14.420233333333334
2012-07-20,24.99884259259259,0.49541666666666667,11.402825
2012-07-21,23.21851851851852,0.5008333333333334,19.098625000000002
2012-07-22,19.431018518518517,0.715,15.984616666666668
2012-07-23,21.938425925925927,0.5729166666666666,19.254929166666667
2012-07-24,21.11550925925926,0.7362500000000001,13.142295833333334
2012-07-25,21.63240740740741,0.8566666666666666,6.274304166666667
2012-07-26,21.799074074074074,0.8604166666666666,6.347425
2012-07-27,23.28935185185185,0.7645833333333334,5.871804166666667
2012-07-28,25.573379629629628,0.6683333333333333,3.886808333333333
2012-07-29,24.929861111111112,0.6745833333333334,11.291466666666667
2012-07-30,23.944212962962965,0.6745833333333334,10.0967125
2012-07-31,24.141435185185188,0.6241666666666666,13.173154166666668
2012-08-01,24.81990740740741,0.5583333333333333,9.309825
2012-08-02,25.53611111111111,0.6270833333333333,3.8579624999999997
2012-08-03,26.08263888888889,0.6229166666666667,3.866683333333333
2012-08-04,26.84375,0.5883333333333334,6.110620833333333
2012-08-05,28.705324074074074,0.5220833333333333,9.109245833333334
2012-08-06,30.060144927536232,0.44434782608695655,9.6565
2012-08-07,26.15949074074074,0.4404166666666667,18.910791666666668
2012-08-08,23.725462962962965,0.4566666666666667,13.252983333333333
2012-08-09,23.13240740740741,0.44333333333333336,12.8317
2012-08-10,21.919675925925926,0.4245833333333333,13.202
2012-08-11,18.852777777777778,0.5179166666666667,12.489575
2012-08-12,16.909259259259258,0.6333333333333333,10.1128125
2012-08-13,17.46990740740741,0.6066666666666667,5.904675
2012-08-14,19.15162037037037,0.455,14.575195833333334
2012-08-15,19.853935185185183,0.4808333333333334,7.572366666666667
2012-08-16,21.09907407407407,0.48208333333333336,8.787916666666668
2012-08-17,22.517592592592592,0.49666666666666665,6.313883333333333
2012-08-18,22.85625,0.5,10.936595833333334
2012-08-19,22.60486111111111,0.4825,9.039479166666668
2012-08-20,24.6875,0.4716666666666667,3.468879166666667
2012-08-21,26.753472222222225,0.45166666666666666,3.9411458333333336
2012-08-22,27.834722222222222,0.45249999999999996,6.442683333333334
2012-08-23,28.563425925925927,0.425,7.396608333333333
2012-08-24,29.038194444444443,0.4454166666666666,8.727541666666667
2012-08-25,28.146296296296295,0.41583333333333333,7.255733333333333
2012-08-26,25.008564814814815,0.48,17.508750000000003
2012-08-27,19.793287037037036,0.63125,19.37366666666667
2012-08-28,16.274652777777774,0.61625,7.7622125
2012-08-29,22.326587301587303,0.45785714285714285,2.9877000000000002
2012-08-30,22.87453703703704,0.4979166666666666,4.374504166666667
2012-08-31,24.55972222222222,0.41041666666666665,12.040116666666668
2012-09-01,23.935185185185187,0.4345833333333333,10.340895833333333
2012-09-02,23.61226851851852,0.5275,10.038350000000001
2012-09-03,23.846527777777776,0.47375000000000006,5.9348625
2012-09-04,24.052546296296295,0.44333333333333336,7.567670833333334
2012-09-05,23.616203703703704,0.5583333333333333,6.462137500000001
2012-09-06,21.893287037037037,0.6683333333333333,10.772241666666666
2012-09-07,17.7,0.49833333333333335,9.806241666666667
2012-09-08,19.757175925925925,0.5054166666666667,10.013529166666666
2012-09-09,21.296759259259257,0.5083333333333333,8.29955
2012-09-10,21.881481481481483,0.46249999999999997,9.307141666666666
2012-09-11,22.14027777777778,0.4375,11.919366666666667
2012-09-12,22.007175925925925,0.38833333333333336,15.278229166666668
2012-09-13,16.706481481481482,0.6554166666666666,16.643375000000002
2012-09-14,16.945138888888888,0.78125,12.494941666666668
2012-09-15,16.896064814814814,0.6816666666666666,12.690154166666668
2012-09-16,16.55324074074074,0.57875,13.0249
2012-09-17,18.293287037037036,0.5708333333333333,5.929495833333334
2012-09-18,20.35324074074074,0.5970833333333333,7.954070833333334
2012-09-19,20.468055555555555,0.6141666666666666,14.8260875
2012-09-20,11.950000000000001,0.8779166666666667,19.326708333333332
2012-09-21,11.773148148148147,0.6995833333333333,11.604075000000002
2012-09-22,13.050462962962962,0.67625,8.624233333333335
2012-09-23,15.896527777777777,0.7225,5.5082125
2012-09-24,20.359490740740743,0.6341666666666667,11.265304166666667
2012-09-25,20.32800925925926,0.6066666666666667,14.735525
2012-09-26,20.885648148148146,0.5583333333333333,12.543241666666667
2012-09-27,22.861574074074074,0.5120833333333333,12.723025
2012-09-28,17.000925925925927,0.8020833333333334,6.672108333333334
2012-09-29,18.22615740740741,0.8545833333333333,4.9567875
2012-09-30,20.78101851851852,0.7416666666666667,11.015083333333335
2012-10-01,19.69675925925926,0.7279166666666667,7.6978125
2012-10-02,19.356018518518518,0.8624999999999999,11.856979166666667
2012-10-03,16.152546296296297,0.8054166666666666,12.021333333333333
2012-10-04,15.026157407407409,0.7791666666666667,2.7390125
2012-10-05,15.261805555555556,0.6108333333333333,9.227983333333334
2012-10-06,15.530092592592593,0.6545833333333334,6.145504166666666
2012-10-07,16.14097222222222,0.7829166666666666,12.379558333333334
2012-10-08,10.442361111111111,0.695,17.80391666666667
2012-10-09,9.656712962962962,0.6916666666666668,9.1287
2012-10-10,10.954166666666666,0.715,9.494975
2012-10-11,10.210879629629629,0.7895833333333333,8.555137499999999
2012-10-12,11.365046296296297,0.7391666666666666,7.748125000000001
2012-10-13,12.368981481481482,0.8004166666666667,6.4460375
2012-10-14,13.022453703703704,0.9433333333333334,5.692691666666668
2012-10-15,16.122685185185187,0.8729166666666667,11.977729166666668
2012-10-16,14.891203703703704,0.8583333333333334,20.848158333333334
2012-10-17,11.569212962962963,0.79625,10.6441125
2012-10-18,13.54050925925926,0.695,11.867712500000001
2012-10-19,14.594212962962963,0.7233333333333333,9.495645833333334
2012-10-20,14.988425925925926,0.74125,7.354345833333333
2012-10-21,14.38263888888889,0.7158333333333333,11.248533333333334
2012-10-22,11.812962962962963,0.8091666666666667,4.5542875
2012-10-23,10.339351851851852,0.8849999999999999,4.3651125
2012-10-24,9.821064814814816,0.8533333333333334,4.528795833333334
2012-10-25,10.541435185185184,0.9433333333333334,3.7211125000000003
2012-10-26,10.46412037037037,0.8004166666666667,8.912020833333335
2012-10-27,13.023842592592594,0.8120833333333333,26.90846666666667
2012-10-28,4.704444444444444,0.9328,18.990272
2012-10-29,2.847685185185185,0.9362499999999999,12.613679166666666
2012-10-30,2.7395833333333335,0.8229166666666666,14.348454166666668
2012-10-31,4.036342592592592,0.81875,13.389833333333334
2012-11-01,9.952083333333333,0.8300000000000001,25.443366666666666
2012-11-02,10.384259259259258,0.9183333333333333,11.138516666666668
2012-11-03,8.136111111111111,0.9804166666666667,10.804441666666667
2012-11-04,12.760648148148148,0.8129166666666667,14.172025
2012-11-05,12.33310185185185,0.8329166666666667,25.978691666666666
2012-11-06,8.625694444444443,0.8070833333333334,7.883633333333333
2012-11-07,7.468287037037037,0.7312500000000001,11.972362500000001
2012-11-08,8.452314814814814,0.805,10.738700000000001
2012-11-09,7.807175925925926,0.8058333333333333,11.392762500000002
2012-11-10,5.002777777777777,0.9674999999999999,12.164891666666668
2012-11-11,9.67314814814815,0.7191666666666667,20.6663625
2012-11-12,10.485185185185186,0.7816666666666667,7.724645833333334
2012-11-13,9.333796296296297,0.9016666666666667,13.413312500000002
2012-11-14,4.87962962962963,0.8483333333333333,9.301775000000001
2012-11-15,6.051388888888888,0.9295833333333333,4.864883333333333
2012-11-16,5.158796296296296,0.94625,7.279883333333333
2012-11-17,5.796064814814815,0.9133333333333334,9.981329166666667
2012-11-18,7.098842592592592,0.8566666666666666,13.808433333333333
2012-11-19,5.959027777777778,0.8970833333333333,6.8425
2012-11-20,4.747222222222222,0.9445833333333334,9.147483333333334
2012-11-21,5.2793981481481485,0.9491666666666667,6.230029166666667
2012-11-22,7.352546296296297,0.8545833333333334,8.8489625
2012-11-23,7.756481481481482,0.8916666666666666,5.91675
2012-11-24,7.758333333333333,0.9229166666666666,3.325320833333333
2012-11-25,4.872685185185186,0.9874999999999999,4.836708333333333
2012-11-26,7.80162037037037,0.9216666666666667,11.495400000000002
2012-11-27,9.158333333333333,0.8595833333333333,13.489116666666668
2012-11-28,10.337962962962964,0.8020833333333334,18.351316666666666
2012-11-29,11.55462962962963,0.8424999999999999,21.524358333333335
2012-11-30,5.342129629629629,0.8729166666666667,11.424291666666667
2012-12-01,3.9574074074074073,0.8333333333333334,6.564775
2012-12-02,3.4923611111111117,0.9641666666666667,8.541720833333335
2012-12-03,1.2155092592592591,0.86875,21.88795
2012-12-04,0.5752314814814815,0.8366666666666666,13.830570833333335
2012-12-05,0.16087962962962984,0.9741666666666666,6.908241666666666
2012-12-06,-1.8664251207729468,0.9943478260869566,3.8500000000000005
2012-12-07,-1.6849537037037041,0.77,8.934829166666667
2012-12-08,-2.697453703703704,0.8629166666666667,26.52810416666667
2012-12-09,-4.869212962962963,0.80375,21.448554166666668
2012-12-10,-8.217824074074075,0.8445833333333334,8.480675
2012-12-11,-4.992824074074075,0.8466666666666667,9.610358333333334
2012-12-12,-3.154398148148148,0.7866666666666666,22.027483333333333
2012-12-13,-7.901388888888889,0.7645833333333334,15.566016666666668
2012-12-14,-2.350757575757576,0.7313636363636363,27.039218181818182
2012-12-15,0.9229166666666672,0.8104166666666667,30.329045833333335
2012-12-16,1.102083333333333,0.9879166666666667,8.584654166666667
2012-12-17,2.132870370370371,0.9641666666666667,10.172516666666667
2012-12-18,2.0722222222222224,0.9720833333333333,10.228866666666667
2012-12-19,2.721990740740741,0.9475000000000001,6.306504166666667
2012-12-20,0.8800925925925925,0.9108333333333333,7.68775
2012-12-21,-2.6141203703703706,0.9929166666666666,6.7137
2012-12-22,-3.292361111111111,0.9754166666666667,5.628291666666667
2012-12-23,-1.0400462962962964,0.9145833333333333,10.890308333333335
2012-12-24,1.9407407407407407,0.9162500000000001,10.035666666666668
2012-12-25,3.0347222222222228,0.8975,11.323666666666668
2012-12-26,7.236805555555556,0.8791666666666668,11.2398125
2012-12-27,4.884953703703704,0.9674999999999999,13.154370833333333
2012-12-28,3.9972222222222222,0.8849999999999999,16.015475
2012-12-29,-0.8358796296296299,0.7583333333333333,12.443958333333335
2012-12-30,-0.544675925925926,0.8354166666666667,8.2452125
2012-12-31,-3.2898148148148145,0.9916666666666667,6.556725
2013-01-01,-3.3004629629629627,0.9895833333333334,3.4132000000000002
2013-01-02,-2.8062500000000004,0.9899999999999999,4.2826
2013-01-03,1.098611111111111,0.9354166666666667,6.484945833333334
2013-01-04,7.0256944444444445,0.7625000000000001,24.7296
2013-01-05,5.867824074074075,0.9029166666666667,15.430508333333334
2013-01-06,0.5245370370370369,0.8691666666666666,7.756845833333333
2013-01-07,-1.7055555555555555,0.78375,12.979954166666667
2013-01-08,-5.237268518518518,0.7825000000000001,6.130075000000001
2013-01-09,-3.34375,0.9495833333333333,10.317416666666666
2013-01-10,-1.0166666666666668,0.99125,8.861708333333334
2013-01-11,0.8187500000000004,0.9316666666666666,10.150379166666667
2013-01-12,-2.2092592592592593,0.7670833333333333,9.246766666666668
2013-01-13,-0.7094907407407409,0.7941666666666666,12.3547375
2013-01-14,3.1391203703703705,0.7845833333333333,23.3470125
2013-01-15,4.768518518518518,0.9020833333333332,14.108295833333335
2013-01-16,3.9479166666666665,0.98875,10.011516666666667
2013-01-17,3.6645833333333333,0.9587500000000001,11.740254166666666
2013-01-18,0.2006944444444446,0.9791666666666666,12.346687500000002
2013-01-19,-2.017824074074074,0.9183333333333333,8.1083625
2013-01-20,2.5648148148148144,0.9020833333333332,14.834808333333335
2013-01-21,9.284490740740742,0.8295833333333333,17.149854166666668
2013-01-22,2.5960648148148144,0.915,16.049016666666667
2013-01-23,1.3050925925925927,0.935,12.119275
2013-01-24,1.0226851851851853,0.9329166666666667,18.684720833333333
2013-01-25,-0.5560185185185182,0.75625,26.95475416666667
2013-01-26,-1.714351851851852,0.7999999999999999,11.930100000000001
2013-01-27,-0.7754629629629629,0.8479166666666668,7.450275
2013-01-28,-0.06365740740740787,0.9395833333333333,9.207858333333332
2013-01-29,1.8047619047619043,0.9142857142857143,12.154733333333334
2013-01-30,4.681111111111111,0.9115,10.75319
2013-01-31,6.495614035087719,0.7410526315789474,18.104026315789472
2013-02-01,6.190277777777778,0.7195,14.728280000000002
2013-02-02,6.755277777777778,0.8465,21.80906
2013-02-03,2.0269841269841273,0.9342857142857144,19.845933333333335
2013-02-04,0.8640096618357489,0.8282608695652174,12.7967
2013-02-05,3.7282608695652173,0.8356521739130435,12.3627
2013-02-06,4.504166666666667,0.882,9.894255000000001
2013-02-07,2.138055555555556,0.8445,16.556435
2013-02-08,1.5585858585858587,0.7763636363636363,14.132140909090909
2013-02-09,-1.0138888888888888,0.9290909090909092,9.276527272727273
2013-02-10,-1.1613636363636364,0.9531818181818181,9.586818181818183
2013-02-11,-3.436944444444445,0.9085000000000001,10.848180000000001
2013-02-12,2.2538888888888895,0.74,22.717905000000002
2013-02-13,4.74888888888889,0.8215,8.651335
2013-02-14,4.447058823529411,0.973529411764706,6.393594117647059
2013-02-15,4.662654320987654,0.9488888888888888,4.254872222222222
2013-02-16,4.590432098765432,0.8722222222222222,8.831744444444446
2013-02-17,1.7467171717171714,0.8995454545454545,6.80225
2013-02-18,1.0421296296296294,0.8029166666666666,12.522445833333334
2013-02-19,1.58125,0.7908333333333334,7.381179166666667
2013-02-20,2.751851851851852,0.7541666666666668,11.078141666666667
2013-02-21,-0.11504629629629626,0.80875,12.090429166666667
2013-02-22,0.26134259259259246,0.9895833333333334,9.293725
2013-02-23,4.237922705314009,0.9260869565217391,18.0908
2013-02-24,6.885648148148149,0.8566666666666666,27.443120833333335
2013-02-25,8.434259259259258,0.8562500000000001,13.583033333333335
2013-02-26,7.296527777777778,0.97125,5.766483333333333
2013-02-27,5.373842592592593,0.9679166666666666,4.516720833333333
2013-02-28,4.5465277777777775,0.9104166666666668,4.360416666666667
2013-03-01,2.747685185185185,0.91375,8.813408333333333
2013-03-02,3.608101851851852,0.7266666666666667,10.717233333333333
2013-03-03,2.966666666666667,0.7158333333333333,9.944433333333334
2013-03-04,2.829166666666667,0.6775000000000001,10.019566666666668
2013-03-05,3.7821759259259253,0.6441666666666667,12.978612499999999
2013-03-06,8.481944444444444,0.6158333333333333,19.63931666666667
2013-03-07,9.584259259259259,0.8045833333333333,16.337475
2013-03-08,12.373842592592593,0.7645833333333334,12.204470833333334
2013-03-09,12.290277777777776,0.84875,8.1123875
2013-03-10,10.865046296296297,0.9375,7.6736625
2013-03-11,8.669999999999998,0.9126666666666666,7.482206666666667
2013-03-12,9.972875816993465,0.7617647058823529,9.705458823529412
2013-03-13,9.183333333333334,0.89125,10.2979625
2013-03-14,4.523842592592593,0.9795833333333334,21.327133333333332
2013-03-15,-2.3203703703703704,0.9225,21.853066666666667
2013-03-16,-2.231018518518519,0.7400000000000001,7.950045833333333
2013-03-17,-1.8534722222222222,0.7324999999999999,8.787245833333333
2013-03-18,2.816898148148148,0.7629166666666666,29.0423875
2013-03-19,7.369675925925925,0.8095833333333333,18.746437500000003
2013-03-20,8.570370370370371,0.7200000000000001,11.943516666666667
2013-03-21,6.954861111111111,0.8650000000000001,21.459287500000002
2013-03-22,2.3157407407407407,0.8270833333333334,31.438604166666668
2013-03-23,0.8817129629629629,0.7000000000000001,10.815845833333334
2013-03-24,-2.0699074074074075,0.5191666666666667,21.814158333333335
2013-03-25,-0.9449074074074075,0.7870833333333334,20.1632375
2013-03-26,-0.9375000000000001,0.9854166666666666,10.163125
2013-03-27,-0.5377314814814816,0.9816666666666666,8.749679166666667
2013-03-28,0.4898148148148144,0.88375,9.4325875
2013-03-29,4.138425925925927,0.8887499999999999,20.953479166666668
2013-03-30,8.840046296296297,0.9512499999999999,9.683479166666666
2013-03-31,9.664975845410629,0.8713043478260869,20.7739
2013-04-01,4.086805555555555,0.7170833333333334,11.547725
2013-04-02,5.241203703703704,0.9145833333333333,19.745979166666668
2013-04-03,5.99212962962963,0.9625,16.54610416666667
2013-04-04,4.826620370370371,0.8504166666666667,12.465425000000002
2013-04-05,5.549768518518518,0.9466666666666667,14.608066666666666
2013-04-06,7.435879629629631,0.8937499999999999,10.818529166666666
2013-04-07,5.860416666666667,0.79625,17.32292916666667
2013-04-08,5.5048611111111105,0.67125,10.345591666666666
2013-04-09,8.154398148148148,0.8562500000000001,10.242954166666667
2013-04-10,10.676157407407409,0.805,12.6123375
2013-04-11,11.628935185185185,0.7033333333333333,10.481770833333334
2013-04-12,13.636111111111111,0.7525,14.424929166666667
2013-04-13,13.086342592592594,0.7091666666666666,14.190808333333335
2013-04-14,12.209027777777777,0.59,9.8552125
2013-04-15,10.959722222222224,0.6370833333333333,11.464541666666667
2013-04-16,11.969907407407407,0.6170833333333333,8.869087500000001
2013-04-17,13.777546296296295,0.5891666666666667,6.4561
2013-04-18,15.251157407407407,0.5779166666666667,3.876745833333333
2013-04-19,15.15486111111111,0.5220833333333333,8.895920833333333
2013-04-20,15.67314814814815,0.6058333333333333,9.672075000000001
2013-04-21,16.565046296296295,0.5995833333333334,15.273533333333333
2013-04-22,16.33634259259259,0.6220833333333333,13.118816666666667
2013-04-23,17.202314814814816,0.5875,11.669816666666668
2013-04-24,17.757175925925925,0.5225000000000001,8.930804166666666
2013-04-25,19.06064814814815,0.5366666666666667,6.747912500000001
2013-04-26,19.811574074074073,0.5695833333333333,8.457866666666666
2013-04-27,20.73125,0.5154166666666667,10.34425
2013-04-28,20.34050925925926,0.5841666666666666,13.247616666666667
2013-04-29,21.573379629629628,0.5620833333333334,9.3702
2013-04-30,22.865972222222222,0.5283333333333333,9.937725
2013-05-01,24.232175925925926,0.49583333333333335,5.657808333333333
2013-05-02,22.964814814814815,0.5795833333333333,12.146779166666668
2013-05-03,21.208333333333332,0.6220833333333333,11.392762500000002
2013-05-04,19.213194444444444,0.6625,9.964558333333335
2013-05-05,19.556944444444444,0.6616666666666667,12.101833333333333
2013-05-06,20.081712962962964,0.7625000000000001,12.943058333333333
2013-05-07,18.590277777777775,0.8537499999999999,12.917566666666666
2013-05-08,19.497916666666665,0.77375,6.990754166666666
2013-05-09,18.974537037037035,0.69,7.706533333333334
2013-05-10,19.611342592592592,0.6124999999999999,13.101374999999999
2013-05-11,19.484259259259257,0.7075,10.9017125
2013-05-12,15.195601851851853,0.8604166666666666,14.569158333333334
2013-05-13,12.61712962962963,0.84375,17.6476125
2013-05-14,13.25949074074074,0.7050000000000001,14.728816666666667
2013-05-15,15.935416666666667,0.7200000000000001,4.792433333333334
2013-05-16,18.710416666666667,0.6129166666666667,11.588645833333333
2013-05-17,18.53912037037037,0.8225000000000001,15.344641666666668
2013-05-18,17.69351851851852,0.7395833333333334,11.579254166666667
2013-05-19,21.176851851851854,0.6279166666666667,12.903479166666669
2013-05-20,18.59699074074074,0.6016666666666667,12.673383333333334
2013-05-21,17.60185185185185,0.6220833333333333,12.352054166666667
2013-05-22,14.181481481481482,0.9004166666666666,7.147729166666667
2013-05-23,13.875925925925927,0.8658333333333333,13.017520833333334
2013-05-24,14.376157407407407,0.7308333333333333,8.58935
2013-05-25,14.493055555555555,0.7479166666666667,12.531166666666666
2013-05-26,10.915046296296296,0.9370833333333333,11.510158333333335
2013-05-27,11.775231481481482,0.8825,13.047708333333334
2013-05-28,15.15,0.7925,9.433929166666667
2013-05-29,19.22013888888889,0.6895833333333333,11.958275
2013-05-30,15.79699074074074,0.88125,14.670454166666667
2013-05-31,13.728703703703703,0.7608333333333334,12.841091666666665
2013-06-01,13.15625,0.8741666666666666,5.364654166666667
2013-06-02,15.160648148148148,0.8316666666666667,6.927695833333334
2013-06-03,14.149074074074074,0.8304166666666667,17.944791666666667
2013-06-04,12.911111111111111,0.8983333333333333,10.4811
2013-06-05,15.658796296296297,0.8891666666666667,5.197616666666668
2013-06-06,16.921990740740743,0.8608333333333333,6.911595833333333
2013-06-07,18.752083333333335,0.8341666666666666,8.403529166666667
2013-06-08,20.3724537037037,0.7854166666666668,9.001241666666667
2013-06-09,21.786342592592593,0.7154166666666667,7.5247375000000005
2013-06-10,20.18564814814815,0.81875,9.849175
2013-06-11,18.724074074074075,0.7687499999999999,11.423620833333333
2013-06-12,19.047916666666666,0.75,15.580775000000001
2013-06-13,20.984490740740743,0.6675,14.219654166666666
2013-06-14,21.741203703703704,0.6916666666666668,6.028108333333333
2013-06-15,22.880092592592593,0.6841666666666667,4.7193125
2013-06-16,24.536342592592593,0.6587500000000001,4.541541666666666
2013-06-17,25.90833333333333,0.6316666666666667,3.7767916666666665
2013-06-18,26.756481481481483,0.6579166666666667,3.9371208333333336
2013-06-19,27.744444444444444,0.6304166666666666,3.243479166666667
2013-06-20,27.858564814814816,0.6704166666666667,9.017341666666667
2013-06-21,28.22361111111111,0.6479166666666667,8.453170833333333
2013-06-22,27.570833333333336,0.6699999999999999,5.957000000000001
2013-06-23,24.02916666666667,0.8058333333333333,7.108150000000001
2013-06-24,20.39166666666667,0.89,11.993158333333334
2013-06-25,15.695601851851853,0.8470833333333334,13.358304166666668
2013-06-26,15.151388888888889,0.7512500000000001,14.779800000000002
2013-06-27,15.043055555555556,0.7954166666666667,9.316533333333334
2013-06-28,16.54806763285024,0.8339130434782609,6.9118
2013-06-29,17.729166666666668,0.7416666666666667,7.051129166666667
2013-06-30,17.896064814814817,0.7379166666666667,16.827183333333334
2013-07-01,17.959722222222222,0.6437499999999999,12.366812500000002
2013-07-02,19.246527777777775,0.65625,3.490345833333333
2013-07-03,20.76527777777778,0.63,4.743462500000001
2013-07-04,22.337962962962962,0.6445833333333334,9.494304166666668
2013-07-05,22.828703703703706,0.6704166666666667,11.1552875
2013-07-06,24.319444444444446,0.7033333333333333,9.513758333333334
2013-07-07,24.403240740740742,0.68375,13.509241666666668
2013-07-08,24.62824074074074,0.6108333333333333,14.714729166666666
2013-07-09,22.521064814814817,0.7120833333333333,9.3923375
2013-07-10,23.150000000000002,0.7066666666666667,5.732941666666666
2013-07-11,21.277083333333334,0.7404166666666666,9.5050375
2013-07-12,19.443749999999998,0.6304166666666666,12.313816666666668
2013-07-13,19.675925925925924,0.6537499999999999,12.542570833333334
2013-07-14,20.375,0.6308333333333334,12.547937500000002
2013-07-15,20.328009259259257,0.6591666666666667,13.114120833333333
2013-07-16,19.026851851851852,0.6920833333333333,10.077258333333335
2013-07-17,21.334722222222222,0.6316666666666667,6.7505958333333345
2013-07-18,22.486574074074074,0.6491666666666667,6.197158333333333
2013-07-19,22.972685185185185,0.6825,4.707908333333333
2013-07-20,24.110879629629633,0.6345833333333334,10.020908333333333
2013-07-21,21.688425925925927,0.48750000000000004,13.370379166666666
2013-07-22,21.52800925925926,0.58,6.772733333333334
2013-07-23,23.536342592592593,0.5895833333333333,6.706320833333334
2013-07-24,24.042824074074076,0.5891666666666667,8.194229166666668
2013-07-25,23.053935185185185,0.6029166666666667,7.785020833333334
2013-07-26,24.232870370370375,0.63125,6.912937500000001
2013-07-27,25.97824074074074,0.5904166666666667,4.5368458333333335
2013-07-28,27.009259259259263,0.5741666666666666,8.046645833333335
2013-07-29,28.35925925925926,0.55125,9.21725
2013-07-30,23.725694444444443,0.6433333333333333,16.282466666666668
2013-07-31,22.830787037037037,0.6191666666666666,9.6700625
2013-08-01,24.504830917874393,0.5791304347826087,6.1313
2013-08-02,25.927314814814817,0.55,5.293545833333334
2013-08-03,27.080092592592592,0.5650000000000001,6.2702791666666675
2013-08-04,27.283564814814813,0.5079166666666667,9.152179166666667
2013-08-05,26.112731481481486,0.5175,6.822375
2013-08-06,27.402314814814815,0.5375,4.2745500000000005
2013-08-07,27.483796296296294,0.5104166666666666,5.7765458333333335
2013-08-08,28.07037037037037,0.5016666666666666,8.496775000000001
2013-08-09,28.62037037037037,0.47000000000000003,7.7420875
2013-08-10,24.43078703703704,0.6141666666666666,17.257858333333335
2013-08-11,22.660185185185185,0.58625,9.795508333333332
2013-08-12,23.21898148148148,0.5258333333333333,5.908029166666666
2013-08-13,24.81990740740741,0.4975,6.926354166666667
2013-08-14,22.337500000000002,0.5158333333333333,12.566049999999999
2013-08-15,21.483564814814816,0.47500000000000003,10.145683333333332
2013-08-16,20.830787037037037,0.45083333333333336,8.722175
2013-08-17,21.547685185185184,0.5329166666666666,5.114433333333333
2013-08-18,24.301157407407405,0.5125,5.1244958333333335
2013-08-19,25.269907407407405,0.47500000000000003,6.420545833333333
2013-08-20,24.28611111111111,0.5516666666666666,12.996054166666667
2013-08-21,20.89027777777778,0.80125,12.483537499999999
2013-08-22,21.511342592592595,0.64625,9.060275
2013-08-23,22.183564814814815,0.51125,9.902841666666667
2013-08-24,21.959722222222222,0.5033333333333333,10.008833333333333
2013-08-25,21.283564814814813,0.68125,5.8328958333333345
2013-08-26,19.00925925925926,0.9391666666666666,4.309433333333334
2013-08-27,19.9712962962963,0.8058333333333333,5.058754166666667
2013-08-28,18.573148148148146,0.9199999999999999,6.677475000000001
2013-08-29,19.29513888888889,0.815,10.329491666666668
2013-08-30,18.584027777777777,0.7050000000000001,8.006395833333334
2013-08-31,18.527314814814815,0.6620833333333334,4.982279166666667
2013-09-01,19.30138888888889,0.6329166666666667,9.1548625
2013-09-02,17.099999999999998,0.54875,12.6123375
2013-09-03,18.71087962962963,0.6245833333333334,19.980100000000004
2013-09-04,17.166435185185186,0.6158333333333333,5.792645833333334
2013-09-05,16.97962962962963,0.5770833333333333,5.394170833333334
2013-09-06,17.037499999999998,0.5570833333333334,7.643475
2013-09-07,16.72685185185185,0.49875,8.037925
2013-09-08,17.122222222222224,0.5245833333333333,5.007770833333334
2013-09-09,16.10462962962963,0.7000000000000001,9.661341666666667
2013-09-10,15.579166666666666,0.8395833333333332,5.6209125
2013-09-11,15.845833333333333,0.8866666666666667,8.457866666666666
2013-09-12,15.557870370370372,0.7733333333333333,5.290191666666667
2013-09-13,14.718287037037037,0.7216666666666667,13.352266666666667
2013-09-14,13.424999999999999,0.8025000000000001,12.665333333333335
2013-09-15,16.597453703703703,0.7304166666666667,8.3257125
2013-09-16,18.912037037037035,0.6920833333333333,8.395479166666666
2013-09-17,13.63263888888889,0.7958333333333334,18.499570833333333
2013-09-18,12.07013888888889,0.6804166666666668,13.914425000000001
2013-09-19,13.888888888888888,0.6725,15.168212500000001
2013-09-20,13.259722222222221,0.6670833333333334,12.767970833333335
2013-09-21,15.371296296296295,0.7062499999999999,16.474325
2013-09-22,13.464814814814815,0.71625,6.236066666666667
2013-09-23,15.10810185185185,0.6866666666666666,17.964245833333333
2013-09-24,17.435185185185187,0.5820833333333334,22.213975
2013-09-25,15.003935185185187,0.7020833333333334,6.4661625
2013-09-26,17.937962962962963,0.68125,12.927629166666668
2013-09-27,12.889120370370371,0.7091666666666666,7.571695833333334
2013-09-28,14.129861111111111,0.67,7.076620833333333
2013-09-29,11.47037037037037,0.8533333333333334,4.434879166666667
2013-09-30,10.836574074074074,0.9091666666666667,11.769770833333332
2013-10-01,9.899074074074074,0.9166666666666666,13.003433333333334
2013-10-02,8.964351851851852,0.7458333333333332,17.328295833333332
2013-10-03,5.843287037037037,0.58875,13.930525000000001
2013-10-04,4.704166666666667,0.6458333333333334,6.939770833333334
2013-10-05,5.586342592592593,0.7083333333333334,7.895708333333334
2013-10-06,9.026157407407407,0.6333333333333333,8.247225
2013-10-07,9.884027777777778,0.6629166666666667,3.5527333333333337
2013-10-08,11.943518518518518,0.64875,6.295100000000001
2013-10-09,12.636805555555554,0.7374999999999999,9.165595833333333
2013-10-10,12.868518518518519,0.9054166666666666,7.1745625
2013-10-11,16.247685185185187,0.7475,15.879295833333336
2013-10-12,17.858101851851853,0.7591666666666667,9.837100000000001
2013-10-13,16.434722222222224,0.82875,6.419204166666667
2013-10-14,14.974074074074075,0.8066666666666666,4.072629166666666
2013-10-15,14.801851851851852,0.8120833333333333,9.7586125
2013-10-16,10.735879629629629,0.9158333333333334,15.736408333333335
2013-10-17,11.735879629629629,0.7979166666666666,17.873683333333336
2013-10-18,11.077083333333333,0.7220833333333333,17.66975
2013-10-19,9.854166666666666,0.7270833333333333,8.181483333333334
2013-10-20,13.017824074074076,0.6833333333333332,12.643195833333335
2013-10-21,14.674537037037036,0.7758333333333334,9.011975
2013-10-22,15.629629629629628,0.8204166666666667,8.967029166666666
2013-10-23,18.266898148148147,0.6858333333333334,16.953970833333333
2013-10-24,17.371064814814815,0.7312500000000001,7.989625
2013-10-25,15.915277777777776,0.7516666666666666,5.7436750000000005
2013-10-26,14.661342592592591,0.8175,5.067475000000001
2013-10-27,14.812444444444445,0.804,9.034032000000002
2013-10-28,17.622916666666665,0.7008333333333333,10.745408333333335
2013-10-29,16.513657407407408,0.7404166666666666,10.419383333333334
2013-10-30,13.700231481481481,0.7295833333333334,12.651245833333334
2013-10-31,11.353703703703703,0.6749999999999999,9.404412500000001
2013-11-01,12.948148148148148,0.7945833333333333,9.500341666666667
2013-11-02,13.034722222222221,0.8079166666666667,12.37285
2013-11-03,15.11712962962963,0.7708333333333334,17.39336666666667
2013-11-04,10.509722222222221,0.8716666666666667,8.514216666666668
2013-11-05,13.61064814814815,0.8116666666666666,20.162566666666667
2013-11-06,8.668055555555556,0.8075,11.528941666666668
2013-11-07,11.10462962962963,0.7912499999999999,11.572545833333335
2013-11-08,11.233333333333334,0.8345833333333333,8.492079166666667
2013-11-09,12.830324074074072,0.7583333333333333,11.151933333333334
2013-11-10,9.865277777777779,0.88625,9.0804
2013-11-11,9.975,0.8312499999999999,22.911641666666668
2013-11-12,8.508101851851853,0.8220833333333334,10.576358333333333
2013-11-13,9.988425925925926,0.86375,9.592245833333335
2013-11-14,6.7525252525252535,0.7927272727272728,11.676890909090911
2013-11-15,7.6469907407407405,0.8075,6.921658333333333
2013-11-16,4.900231481481482,0.8312499999999999,3.448754166666667
2013-11-17,6.127083333333334,0.8720833333333333,3.6064000000000003
2013-11-18,6.470833333333334,0.9079166666666666,8.031216666666667
2013-11-19,7.712962962962963,0.7425,19.91905416666667
2013-11-20,10.309953703703703,0.7470833333333333,25.0978875
2013-11-21,7.890972222222222,0.89,7.948033333333334
2013-11-22,6.436574074074074,0.9466666666666667,6.682170833333333
2013-11-23,8.270601851851852,0.8716666666666667,11.956262500000001
2013-11-24,8.198148148148148,0.9283333333333333,8.890554166666668
2013-11-25,2.80625,0.8866666666666667,21.496183333333335
2013-11-26,1.7958333333333336,0.67,22.275020833333333
2013-11-27,0.7787037037037036,0.7637499999999999,16.03023333333333
2013-11-28,0.5618055555555556,0.8229166666666666,10.513300000000001
2013-11-29,2.871296296296297,0.765,15.543208333333334
2013-11-30,0.7914351851851853,0.8416666666666667,8.773829166666667
2013-12-01,0.08749999999999969,0.8591666666666667,3.8331416666666667
2013-12-02,0.5324074074074076,0.83625,8.7483375
2013-12-03,-0.40092592592592635,0.7775,7.258416666666666
2013-12-04,-2.0729166666666665,0.88625,4.455675
2013-12-05,-1.2305555555555554,0.90875,9.224629166666666
2013-12-06,1.0039351851851859,0.8079166666666667,15.098445833333335
2013-12-07,1.583564814814815,0.6224999999999999,26.28056666666667
2013-12-08,2.9324074074074074,0.7512500000000001,14.607395833333333
2013-12-09,5.136342592592593,0.725,20.807908333333334
2013-12-10,1.5888888888888886,0.6587500000000001,15.934304166666665
2013-12-11,-3.7189814814814817,0.7804166666666666,3.2240250000000006
2013-12-12,-1.882175925925926,0.7675000000000001,3.1542583333333334
2013-12-13,-1.0333333333333332,0.82375,2.9966125
2013-12-14,-1.0953703703703705,0.8925000000000001,2.8738499999999996
2013-12-15,0.39606481481481487,0.9116666666666666,5.337820833333333
2013-12-16,1.2002314814814816,0.9020833333333335,4.351695833333333
2013-12-17,-0.24421296296296272,0.8954166666666667,7.286591666666667
2013-12-18,-1.319675925925926,0.915,5.726233333333333
2013-12-19,-1.5516203703703706,0.9125,9.789470833333334
2013-12-20,-2.297685185185185,0.9533333333333333,7.450275
2013-12-21,-0.11481481481481519,0.9387500000000001,7.130958333333333
2013-12-22,1.8412037037037037,0.9145833333333333,10.246308333333333
2013-12-23,3.2928240740740744,0.8441666666666667,7.12425
2013-12-24,2.5480676328502416,0.8017391304347826,11.7985
2013-12-25,4.363657407407408,0.70375,18.223858333333336
2013-12-26,8.643518518518519,0.64875,30.398812500000002
2013-12-27,8.064583333333333,0.75,10.591116666666666
2013-12-28,7.05462962962963,0.8183333333333334,12.606970833333333
2013-12-29,4.928703703703704,0.8208333333333333,8.400174999999999
2013-12-30,3.8011574074074077,0.86625,9.506379166666667
2013-12-31,3.178935185185185,0.86375,10.580383333333334
2014-01-01,2.86712962962963,0.8004166666666667,11.379345833333334
2014-01-02,2.7402777777777776,0.8112499999999999,13.458258333333333
2014-01-03,4.747916666666667,0.8675,10.182579166666667
2014-01-04,6.418287037037037,0.8408333333333333,11.746291666666666
2014-01-05,8.467824074074075,0.7483333333333334,19.95125416666667
2014-01-06,5.592592592592593,0.9370833333333333,6.684854166666668
2014-01-07,6.029398148148148,0.9879166666666667,9.240729166666666
2014-01-08,4.722453703703704,0.9925,3.3521541666666668
2014-01-09,3.4537037037037037,0.98875,6.329983333333334
2014-01-10,3.0745370370370377,0.9495833333333333,11.339095833333333
2014-01-11,4.257638888888889,0.89125,7.111504166666666
2014-01-12,5.171527777777778,0.7125,13.925829166666666
2014-01-13,2.5548611111111112,0.7062499999999999,9.213225
2014-01-14,3.9415458937198067,0.6865217391304348,16.639
2014-01-15,4.406481481481481,0.8266666666666667,11.569191666666667
2014-01-16,1.8999999999999997,0.8716666666666667,8.451158333333334
2014-01-17,5.440740740740741,0.8095833333333333,12.5439125
2014-01-18,8.647916666666667,0.83875,11.224383333333334
2014-01-19,9.479398148148148,0.7945833333333333,16.430720833333336
2014-01-20,10.069907407407408,0.8424999999999999,16.841270833333333
2014-01-21,7.765740740740742,0.9004166666666666,10.227525
2014-01-22,4.29837962962963,0.8254166666666666,15.5063125
2014-01-23,2.4180555555555556,0.8095833333333333,7.0491166666666665
2014-01-24,-0.8192129629629629,0.8691666666666666,20.2034875
2014-01-25,-3.960185185185185,0.91125,14.844870833333333
2014-01-26,-6.926157407407408,0.8679166666666666,6.052929166666668
2014-01-27,-6.0368055555555555,0.8779166666666667,3.6815333333333338
2014-01-28,-3.6912037037037044,0.8445833333333334,4.949408333333333
2014-01-29,-3.4108796296296298,0.86875,9.116625
2014-01-30,-2.9920289855072464,0.811304347826087,17.9536
2014-01-31,-4.392824074074074,0.7491666666666666,30.586645833333336
2014-02-01,-3.1939814814814813,0.7391666666666666,26.54755833333333
2014-02-02,-0.08032407407407376,0.7491666666666666,20.13372083333333
2014-02-03,-1.3284722222222223,0.7858333333333333,9.4647875
2014-02-04,-2.23125,0.7733333333333333,10.7407125
2014-02-05,-0.6432870370370373,0.77875,13.362329166666667
2014-02-06,1.3284722222222227,0.8533333333333334,9.136079166666667
2014-02-07,3.747453703703704,0.9004166666666666,11.414229166666667
2014-02-08,6.265972222222222,0.8762500000000001,9.5976125
2014-02-09,8.383796296296296,0.8379166666666666,11.9200375
2014-02-10,6.516203703703705,0.7504166666666667,18.65117916666667
2014-02-11,9.265277777777778,0.77,14.6972875
2014-02-12,6.9975845410628015,0.8073913043478261,18.333
2014-02-13,4.709259259259259,0.7458333333333332,16.87816666666667
2014-02-14,4.748611111111112,0.7745833333333333,14.301495833333334
2014-02-15,4.196064814814815,0.685,12.7974875
2014-02-16,8.973148148148148,0.685,11.206270833333335
2014-02-17,6.242824074074075,0.8762500000000001,10.355654166666667
2014-02-18,6.823611111111112,0.8716666666666667,4.814570833333334
2014-02-19,8.152777777777777,0.8629166666666667,8.052683333333334
2014-02-20,8.068518518518518,0.8545833333333334,8.4706125
2014-02-21,7.10462962962963,0.9095833333333333,6.260216666666667
2014-02-22,7.780787037037037,0.9254166666666667,6.239420833333334
2014-02-23,7.711805555555556,0.9049999999999999,10.916470833333333
2014-02-24,7.229166666666667,0.8224999999999999,7.3677625
2014-02-25,5.855787037037037,0.8216666666666667,10.00615
2014-02-26,4.5159722222222225,0.7775,9.979316666666668
2014-02-27,6.277314814814815,0.7683333333333334,9.0321
2014-02-28,6.779166666666668,0.8316666666666667,8.4746375
2014-03-01,6.653240740740741,0.7433333333333333,13.3650125
2014-03-02,5.629398148148148,0.7995833333333334,7.696470833333334
2014-03-03,7.031712962962963,0.82375,8.343825
2014-03-04,7.442361111111111,0.7845833333333333,9.533883333333334
2014-03-05,8.057175925925925,0.8574999999999999,12.261491666666666
2014-03-06,8.388657407407408,0.7570833333333334,19.755370833333334
2014-03-07,6.87962962962963,0.81875,10.871525
2014-03-08,8.967361111111112,0.7270833333333333,13.825204166666667
2014-03-09,8.487037037037037,0.6366666666666666,24.786620833333334
2014-03-10,6.1960648148148145,0.5758333333333333,8.374683333333333
2014-03-11,6.1030092592592595,0.5216666666666666,8.242529166666667
2014-03-12,8.15625,0.47125,12.164891666666668
2014-03-13,7.963425925925926,0.4916666666666667,10.2577125
2014-03-14,9.293055555555554,0.5141666666666667,5.0554
2014-03-15,9.677314814814816,0.58375,19.570891666666668
2014-03-16,10.229861111111111,0.63125,27.5149
2014-03-17,13.36736111111111,0.5483333333333333,23.476483333333334
2014-03-18,11.886342592592591,0.5933333333333334,11.3666
2014-03-19,11.382175925925926,0.5883333333333334,18.81419166666667
2014-03-20,12.383564814814816,0.5279166666666667,12.085062500000001
2014-03-21,12.625,0.56375,16.007425
2014-03-22,14.479166666666666,0.5008333333333334,15.4781375
2014-03-23,14.057407407407409,0.5741666666666667,13.640725000000002
2014-03-24,8.917592592592593,0.8245833333333333,9.576145833333333
2014-03-25,6.634027777777778,0.6929166666666666,12.647891666666668
2014-03-26,7.086805555555556,0.7125,8.947575
2014-03-27,11.316203703703705,0.62875,14.410841666666668
2014-03-28,11.16574074074074,0.655,11.222370833333335
2014-03-29,12.143055555555556,0.5791666666666667,12.423162500000002
2014-03-30,11.315942028985507,0.5243478260869565,5.4565
2014-03-31,12.118981481481482,0.6029166666666667,6.787491666666667
2014-04-01,12.81226851851852,0.5620833333333334,9.857895833333334
2014-04-02,12.544675925925924,0.5766666666666667,4.414083333333333
2014-04-03,14.039814814814813,0.5975,14.615445833333334
2014-04-04,15.58287037037037,0.5904166666666667,11.067408333333333
2014-04-05,13.848379629629632,0.7637499999999999,12.7411375
2014-04-06,11.291898148148148,0.7095833333333333,13.627308333333334
2014-04-07,12.373842592592593,0.72375,8.609475000000002
2014-04-08,13.950925925925928,0.66,8.125133333333332
2014-04-09,11.966898148148148,0.5508333333333334,23.797141666666665
2014-04-10,7.711342592592593,0.69875,13.334825
2014-04-11,9.495601851851852,0.7141666666666667,10.234233333333334
2014-04-12,11.010416666666666,0.625,6.829083333333333
2014-04-13,12.442361111111111,0.5729166666666666,7.035700000000001
2014-04-14,12.799768518518519,0.65125,16.07517916666667
2014-04-15,8.663194444444445,0.6229166666666667,20.097495833333333
2014-04-16,7.934490740740741,0.68375,21.811475
2014-04-17,9.58611111111111,0.7720833333333333,20.059929166666667
2014-04-18,12.274074074074074,0.7383333333333333,9.260183333333334
2014-04-19,13.303935185185184,0.6895833333333333,12.164220833333333
2014-04-20,10.976157407407408,0.8129166666666667,9.588891666666667
2014-04-21,15.211342592592594,0.6858333333333334,12.291008333333332
2014-04-22,15.27337962962963,0.81625,8.098970833333334
2014-04-23,15.789120370370371,0.7770833333333332,4.623383333333334
2014-04-24,15.451620370370371,0.8737499999999999,7.882291666666667
2014-04-25,14.67986111111111,0.8720833333333333,9.496316666666667
2014-04-26,15.454861111111112,0.7341666666666667,8.455854166666667
2014-04-27,16.099999999999998,0.51625,12.636487500000001
2014-04-28,16.624074074074073,0.5750000000000001,8.107691666666666
2014-04-29,15.21111111111111,0.7516666666666666,8.412920833333333
2014-04-30,14.808333333333332,0.8029166666666666,5.625608333333333
2014-05-01,15.262962962962964,0.7558333333333334,5.033933333333334
2014-05-02,14.887731481481481,0.7670833333333333,6.766025
2014-05-03,14.433796296296295,0.8129166666666667,11.418925000000002
2014-05-04,10.463888888888889,0.7854166666666668,26.714595833333334
2014-05-05,10.988657407407407,0.5754166666666667,16.606479166666666
2014-05-06,11.673188405797102,0.6408695652173914,7.0399
2014-05-07,16.155787037037037,0.6158333333333333,16.241545833333333
2014-05-08,15.68125,0.6945833333333334,9.064970833333334
2014-05-09,16.675462962962964,0.6058333333333333,5.7336125000000004
2014-05-10,17.12476851851852,0.57875,14.308204166666668
2014-05-11,18.141203703703706,0.6258333333333334,12.906833333333333
2014-05-12,13.675694444444444,0.6508333333333333,17.471854166666667
2014-05-13,12.821296296296296,0.7195833333333334,9.093145833333333
2014-05-14,11.723611111111111,0.8666666666666667,23.978266666666666
2014-05-15,10.640277777777778,0.8929166666666667,30.434366666666666
2014-05-16,11.594212962962963,0.8575,12.136045833333334
2014-05-17,13.361111111111112,0.8095833333333333,8.485370833333334
2014-05-18,14.3024154589372,0.7682608695652174,7.9247000000000005
2014-05-19,16.940972222222225,0.6729166666666666,7.7944125
2014-05-20,18.923842592592592,0.59875,4.919220833333333
2014-05-21,20.260185185185186,0.6266666666666667,6.440670833333333
2014-05-22,21.67638888888889,0.5970833333333333,9.594929166666667
2014-05-23,22.431018518518517,0.56875,11.7147625
2014-05-24,21.08888888888889,0.6416666666666667,6.9713
2014-05-25,20.566203703703703,0.6979166666666666,9.236033333333333
2014-05-26,20.03611111111111,0.7270833333333333,6.764683333333334
2014-05-27,20.458333333333332,0.69125,9.818316666666666
2014-05-28,18.115046296296295,0.6545833333333333,11.780504166666667
2014-05-29,17.03796296296296,0.6770833333333334,10.105433333333334
2014-05-30,13.19675925925926,0.7733333333333333,17.338358333333336
2014-05-31,13.155324074074073,0.7270833333333333,12.672041666666667
2014-06-01,14.480324074074074,0.73875,8.139891666666667
2014-06-02,14.982175925925924,0.7920833333333334,6.968616666666667
2014-06-03,16.169907407407408,0.70125,4.648875
2014-06-04,17.778935185185183,0.6041666666666666,5.010454166666666
2014-06-05,19.994444444444444,0.5683333333333334,3.2723250000000004
2014-06-06,21.048148148148147,0.59,9.31385
2014-06-07,22.555555555555557,0.5725,8.9898375
2014-06-08,23.97638888888889,0.5391666666666667,8.6275875
2014-06-09,24.827546296296294,0.5183333333333333,9.001241666666667
2014-06-10,26.172916666666666,0.4875,6.9692875
2014-06-11,26.107870370370367,0.5083333333333333,10.840666666666666
2014-06-12,25.01851851851852,0.47208333333333335,9.949129166666667
2014-06-13,23.219444444444445,0.5258333333333334,14.0875
2014-06-14,19.103472222222223,0.49625,11.614808333333334
2014-06-15,18.313425925925927,0.5158333333333334,10.524033333333334
2014-06-16,18.015046296296298,0.5679166666666667,11.7147625
2014-06-17,16.5625,0.8116666666666666,6.501716666666667
2014-06-18,18.78726851851852,0.5866666666666667,10.639416666666667
2014-06-19,19.823148148148146,0.49541666666666667,10.1812375
2014-06-20,19.12384259259259,0.5183333333333333,17.849533333333333
2014-06-21,17.66736111111111,0.49041666666666667,13.183216666666667
2014-06-22,19.93773148148148,0.5033333333333333,6.193133333333333
2014-06-23,21.96666666666667,0.5941666666666666,7.6468291666666675
2014-06-24,19.328703703703706,0.7858333333333333,9.4688125
2014-06-25,15.984259259259261,0.9191666666666668,8.021825
2014-06-26,17.485416666666666,0.6704166666666667,16.41395
2014-06-27,17.582175925925927,0.6383333333333333,7.501258333333333
2014-06-28,20.104166666666668,0.5704166666666667,5.671895833333334
2014-06-29,23.600925925925925,0.5691666666666667,16.648070833333335
2014-06-30,19.843055555555555,0.7133333333333334,16.071154166666666
2014-07-01,18.69699074074074,0.6345833333333334,12.668016666666666
2014-07-02,20.344212962962963,0.5920833333333334,7.716595833333334
2014-07-03,19.327546296296294,0.6545833333333334,12.83975
2014-07-04,20.175462962962964,0.5670833333333333,4.804508333333334
2014-07-05,22.10949074074074,0.5479166666666667,13.953333333333333
2014-07-06,24.059661835748795,0.6052173913043478,7.8211
2014-07-07,25.666203703703705,0.6154166666666666,5.831554166666667
2014-07-08,23.028240740740742,0.7329166666666667,11.5336375
2014-07-09,20.077546296296294,0.8104166666666667,8.473295833333333
2014-07-10,18.599305555555556,0.7579166666666667,8.371329166666667
2014-07-11,16.62476851851852,0.9175,10.774925000000001
2014-07-12,19.714351851851852,0.7295833333333334,16.921770833333333
2014-07-13,20.35185185185185,0.7079166666666666,4.859516666666667
2014-07-14,22.01084656084656,0.6795238095238095,6.292033333333333
2014-07-15,23.027546296296297,0.6895833333333333,8.781208333333334
2014-07-16,23.670138888888886,0.6470833333333333,11.322325000000001
2014-07-17,23.006481481481483,0.6933333333333334,14.0210875
2014-07-18,23.399305555555557,0.6966666666666667,11.977729166666668
2014-07-19,24.11828703703704,0.6470833333333333,9.889425000000001
2014-07-20,25.00046296296296,0.6233333333333334,4.412741666666666
2014-07-21,25.356250000000003,0.6279166666666667,12.151475
2014-07-22,21.608564814814812,0.7966666666666667,8.991179166666667
2014-07-23,20.337962962962965,0.8354166666666667,10.821883333333334
2014-07-24,21.52523148148148,0.69875,8.641004166666667
2014-07-25,22.599999999999998,0.6420833333333333,5.619570833333333
2014-07-26,23.63888888888889,0.6391666666666667,4.605270833333333
2014-07-27,21.443749999999998,0.7799999999999999,8.363279166666667
2014-07-28,20.796064814814816,0.8208333333333333,9.626458333333334
2014-07-29,22.556481481481484,0.7629166666666666,6.886775
2014-07-30,24.483564814814816,0.7174999999999999,13.100033333333334
2014-07-31,20.969675925925927,0.81625,6.752608333333334
2014-08-01,23.513194444444448,0.7487499999999999,5.559195833333334
2014-08-02,23.38726851851852,0.7529166666666667,5.999933333333334
2014-08-03,24.586111111111112,0.7070833333333333,4.750841666666667
2014-08-04,21.195138888888888,0.8229166666666666,7.944008333333334
2014-08-05,22.352314814814815,0.7766666666666667,7.579745833333334
2014-08-06,20.994202898550725,0.8186956521739132,8.9985
2014-08-07,21.925462962962964,0.7875,7.929250000000001
2014-08-08,21.81365740740741,0.79625,5.213045833333333
2014-08-09,23.003472222222225,0.7208333333333333,3.972004166666667
2014-08-10,23.98472222222222,0.7020833333333334,4.770295833333333
2014-08-11,25.358101851851853,0.69875,9.5090625
2014-08-12,24.27013888888889,0.6433333333333333,9.320558333333333
2014-08-13,25.96273148148148,0.6683333333333333,9.519125
2014-08-14,21.007638888888888,0.7483333333333334,18.2553875
2014-08-15,19.65509259259259,0.7320833333333333,5.86845
2014-08-16,18.949537037037036,0.6733333333333333,13.518633333333334
2014-08-17,17.97476851851852,0.6466666666666666,10.918483333333334
2014-08-18,18.13449074074074,0.6391666666666667,6.292416666666667
2014-08-19,20.44560185185185,0.6316666666666667,9.036125
2014-08-20,20.93865740740741,0.7133333333333334,6.782125000000001
2014-08-21,18.080555555555556,0.81,9.680125
2014-08-22,18.00810185185185,0.66375,7.6475
2014-08-23,19.651851851851852,0.71125,3.9948125
2014-08-24,19.105324074074073,0.6608333333333333,18.9678125
2014-08-25,16.261805555555558,0.6079166666666667,6.6231374999999995
2014-08-26,18.61550925925926,0.6558333333333334,10.530070833333333
2014-08-27,19.591666666666665,0.7854166666666668,12.221241666666666
2014-08-28,16.05509259259259,0.6629166666666667,6.650641666666666
2014-08-29,16.786805555555556,0.6691666666666666,3.6828750000000006
2014-08-30,18.986805555555556,0.66375,4.8320125
2014-08-31,21.068055555555556,0.6416666666666667,8.675216666666667
2014-09-01,21.409953703703703,0.6383333333333333,10.679666666666668
2014-09-02,20.610185185185184,0.7629166666666666,13.629991666666667
2014-09-03,21.147453703703704,0.7279166666666667,10.884270833333334
2014-09-04,20.75462962962963,0.7333333333333334,10.701804166666667
2014-09-05,19.317824074074075,0.8183333333333334,7.436858333333333
2014-09-06,18.489351851851854,0.8316666666666667,8.387429166666667
2014-09-07,18.61550925925926,0.8570833333333333,6.7599875
2014-09-08,20.997222222222224,0.7416666666666667,5.6511000000000005
2014-09-09,20.139351851851853,0.7270833333333333,4.0592125
2014-09-10,18.723842592592593,0.8375,8.9938625
2014-09-11,20.630324074074075,0.80875,9.274270833333334
2014-09-12,19.009027777777778,0.84375,9.898816666666667
2014-09-13,18.316666666666666,0.85125,9.909550000000001
2014-09-14,18.50949074074074,0.8870833333333333,8.6779
2014-09-15,16.495601851851852,0.9241666666666667,7.617312500000001
2014-09-16,16.955787037037037,0.8529166666666667,4.698516666666667
2014-09-17,16.477546296296296,0.8191666666666667,4.750170833333334
2014-09-18,16.508564814814815,0.7145833333333332,7.852775
2014-09-19,17.516666666666666,0.7050000000000001,12.360104166666668
2014-09-20,19.143055555555556,0.80125,10.260395833333334
2014-09-21,19.21203703703704,0.8325,8.007066666666667
2014-09-22,15.399074074074074,0.8208333333333333,12.223254166666665
2014-09-23,12.504166666666665,0.7062499999999999,19.778850000000002
2014-09-24,10.840509259259258,0.71125,4.716629166666666
2014-09-25,11.619907407407409,0.8058333333333333,6.453416666666667
2014-09-26,13.39699074074074,0.8216666666666667,9.596270833333334
2014-09-27,14.242824074074074,0.745,10.391208333333333
2014-09-28,15.064583333333331,0.7266666666666667,6.100558333333333
2014-09-29,13.786574074074075,0.74125,3.792891666666667
2014-09-30,14.041203703703706,0.7608333333333334,3.063025
2014-10-01,15.848148148148148,0.7312500000000001,4.029025
2014-10-02,15.848148148148148,0.8891666666666667,7.421429166666667
2014-10-03,14.446064814814813,0.87,6.774745833333333
2014-10-04,13.642592592592592,0.8916666666666666,4.8836666666666675
2014-10-05,12.956712962962962,0.7495833333333333,7.177245833333334
2014-10-06,13.36064814814815,0.6716666666666667,9.397704166666667
2014-10-07,14.982870370370371,0.7241666666666666,13.043012500000001
2014-10-08,14.862499999999999,0.7908333333333334,15.966504166666667
2014-10-09,16.63310185185185,0.7558333333333334,16.1100625
2014-10-10,17.73287037037037,0.7433333333333333,14.856275000000002
2014-10-11,17.45763888888889,0.7504166666666667,12.269541666666667
2014-10-12,17.352083333333333,0.7770833333333332,7.5891375
2014-10-13,17.98611111111111,0.7795833333333334,9.595600000000001
2014-10-14,19.796064814814816,0.7108333333333333,9.808925
2014-10-15,16.04861111111111,0.9220833333333333,6.912937500000001
2014-10-16,15.451388888888891,0.9366666666666666,4.726020833333334
2014-10-17,15.04953703703704,0.94875,10.200691666666666
2014-10-18,13.631481481481481,0.8529166666666667,9.338
2014-10-19,11.435185185185185,0.8525,6.551358333333333
2014-10-20,14.4375,0.82,8.341141666666667
2014-10-21,14.193287037037036,0.8979166666666667,5.791975000000001
2014-10-22,10.10138888888889,0.87875,20.587875
2014-10-23,8.030555555555555,0.9129166666666667,9.985354166666667
2014-10-24,8.071527777777778,0.94875,14.344429166666666
2014-10-25,7.774537037037038,0.8741666666666666,9.3802625
2014-10-26,6.928444444444445,0.8592,5.272428
2014-10-27,4.04837962962963,0.8945833333333333,2.907391666666667
2014-10-28,4.557638888888889,0.78625,3.780816666666667
2014-10-29,7.357175925925926,0.7512500000000001,5.492112500000001
2014-10-30,7.984027777777777,0.805,4.466408333333334
2014-10-31,6.872222222222223,0.8354166666666667,3.9780416666666665
2014-11-01,5.87962962962963,0.8737499999999999,1.7669750000000002
2014-11-02,5.8671296296296305,0.8266666666666667,3.4561333333333337
2014-11-03,7.007638888888889,0.8137500000000001,10.977516666666666
2014-11-04,9.236342592592592,0.7679166666666667,13.878200000000001
2014-11-05,12.138425925925924,0.7254166666666667,18.543175
2014-11-06,14.057638888888889,0.7333333333333334,17.6798125
2014-11-07,16.776157407407407,0.7020833333333334,17.716037500000002
2014-11-08,13.727083333333333,0.8195833333333334,7.211458333333334
2014-11-09,10.658564814814815,0.9295833333333333,6.1810583333333335
2014-11-10,10.73773148148148,0.8779166666666667,7.6106041666666675
2014-11-11,11.127546296296297,0.82875,11.049966666666668
2014-11-12,10.875925925925927,0.7820833333333334,16.678929166666666
2014-11-13,10.682870370370368,0.8195833333333334,7.7226333333333335
2014-11-14,10.667592592592593,0.8575,3.8827833333333337
2014-11-15,9.164351851851851,0.8158333333333333,15.504970833333333
2014-11-16,7.8032407407407405,0.85125,21.056787500000002
2014-11-17,8.673611111111112,0.8570833333333333,9.797520833333335
2014-11-18,8.461805555555555,0.8766666666666666,15.201754166666667
2014-11-19,7.128472222222222,0.9283333333333333,9.203833333333334
2014-11-20,7.347222222222222,0.8683333333333333,14.199529166666666
2014-11-21,4.664814814814815,0.8920833333333333,5.934191666666667
2014-11-22,5.601388888888889,0.8141666666666666,2.691383333333333
2014-11-23,5.86412037037037,0.7608333333333334,3.8143583333333333
2014-11-24,4.30462962962963,0.7720833333333333,5.768495833333334
2014-11-25,3.0817129629629627,0.8166666666666668,9.091804166666668
2014-11-26,1.9763888888888894,0.9125,5.830883333333333
2014-11-27,1.7018518518518517,0.8491666666666666,10.817858333333334
2014-11-28,2.5203703703703697,0.9345833333333333,10.315404166666667
2014-11-29,3.6041666666666665,0.95375,11.7670875
2014-11-30,3.8340277777777785,0.9320833333333334,7.654879166666667
2014-12-01,3.3810185185185184,0.9016666666666667,15.3855625
2014-12-02,3.3094907407407406,0.8954166666666667,9.400387499999999
2014-12-03,5.761805555555555,0.8745833333333334,5.146633333333334
2014-12-04,5.398148148148149,0.8504166666666667,3.321966666666667
2014-12-05,5.743287037037038,0.8891666666666667,5.775204166666668
2014-12-06,6.5717592592592595,0.9366666666666666,5.379412500000001
2014-12-07,6.272453703703704,0.9504166666666666,5.636341666666667
2014-12-08,5.764120370370371,0.9379166666666666,5.1942625
2014-12-09,3.8118055555555563,0.9058333333333333,22.016750000000002
2014-12-10,2.872453703703704,0.86375,13.041000000000002
2014-12-11,2.4687500000000004,0.8495833333333334,7.242987500000001
2014-12-12,0.3261574074074075,0.9400000000000001,12.758579166666669
2014-12-13,3.5706018518518516,0.8379166666666666,14.6449625
2014-12-14,7.032175925925926,0.7975,11.644995833333333
2014-12-15,5.42638888888889,0.8770833333333333,10.324125
2014-12-16,5.169934640522875,0.8647058823529411,10.664829411764705
2014-12-17,5.272916666666668,0.9175,8.1928875
2014-12-18,3.8715277777777777,0.915,6.97935
2014-12-19,5.96875,0.89375,11.426975
2014-12-20,6.61875,0.74875,11.6302375
2014-12-21,4.7027777777777775,0.72,18.8027875
2014-12-22,4.14375,0.7737499999999999,12.290337500000001
2014-12-23,6.793749999999999,0.78125,10.8453625
2014-12-24,3.9930555555555554,0.89,9.291712500000001
2014-12-25,3.9065656565656557,0.85,9.222372727272727
2014-12-26,3.500555555555555,0.703,17.365460000000002
2014-12-27,-1.5061728395061726,0.6611111111111111,14.307533333333332
2014-12-28,-1.8337962962962966,0.8850000000000001,21.532408333333336
2014-12-29,-3.9847222222222225,0.67375,24.170125000000002
2014-12-30,-6.43125,0.66625,12.1816625
2014-12-31,-9.682638888888889,0.7525,8.3237
2015-01-01,-7.885555555555555,0.783,7.3705799999999995
2015-01-02,-2.8833333333333333,0.9075,11.322325
2015-01-03,2.09320987654321,0.7733333333333333,13.636700000000001
2015-01-04,2.495138888888889,0.76,27.0097625
2015-01-05,1.5180555555555555,0.7741666666666668,22.310575
2015-01-06,-0.9657407407407407,0.71875,14.916650000000002
2015-01-07,-6.924305555555556,0.7095833333333333,9.111929166666666
2015-01-08,-4.428472222222222,0.73375,10.1128125
2015-01-09,1.691435185185185,0.7937500000000001,14.982391666666667
2015-01-10,5.852777777777778,0.8725,13.554858333333334
2015-01-11,4.181481481481481,0.7941666666666666,14.627520833333335
2015-01-12,3.577777777777778,0.7395833333333334,20.03645
2015-01-13,2.0863425925925925,0.8083333333333332,12.3466875
2015-01-14,2.7469907407407406,0.8266666666666667,11.4008125
2015-01-15,4.197453703703704,0.7208333333333333,12.071645833333333
2015-01-16,4.409722222222222,0.7558333333333334,17.056608333333333
2015-01-17,5.68287037037037,0.7316666666666666,17.279995833333334
2015-01-18,6.814583333333334,0.92625,6.662045833333334
2015-01-19,5.995138888888889,0.9733333333333333,7.176575000000001
2015-01-20,5.287962962962963,0.9474999999999999,7.656220833333333
2015-01-21,5.591666666666666,0.9570833333333333,6.658691666666667
2015-01-22,6.404166666666666,0.9562499999999999,7.4221
2015-01-23,5.938425925925927,0.9570833333333333,13.524670833333333
2015-01-24,4.256944444444444,0.9241666666666667,13.248958333333334
2015-01-25,2.1284722222222228,0.9320833333333334,11.623529166666666
2015-01-26,1.947916666666667,0.8525,9.751233333333333
2015-01-27,0.21851851851851864,0.88625,3.4983958333333334
2015-01-28,0.2881944444444446,0.8616666666666667,7.3597125000000005
2015-01-29,0.4363425925925924,0.8670833333333333,13.310004166666667
2015-01-30,5.543749999999999,0.7945833333333333,29.531425000000002
2015-01-31,2.5141203703703705,0.8033333333333333,18.1386625
2015-02-01,-0.013657407407407405,0.8612500000000001,8.001029166666667
2015-02-02,0.9682870370370371,0.8725,9.0783875
2015-02-03,1.3481481481481483,0.8016666666666667,8.7926125
2015-02-04,1.5520833333333337,0.8583333333333334,11.5899875
2015-02-05,2.3979166666666667,0.8641666666666666,18.367416666666667
2015-02-06,0.7437499999999999,0.8020833333333334,26.870900000000002
2015-02-07,-1.3932870370370372,0.7879166666666667,12.390291666666668
2015-02-08,-1.3858796296296294,0.7833333333333333,23.738779166666664
2015-02-09,-2.3673611111111112,0.76125,14.6409375
2015-02-10,0.8546296296296297,0.875,6.315225000000001
2015-02-11,3.3053240740740737,0.8275,6.825729166666666
2015-02-12,0.5671296296296297,0.7858333333333333,6.034816666666667
2015-02-13,1.0581018518518521,0.7583333333333333,4.487875
2015-02-14,2.0458333333333334,0.7558333333333334,7.606579166666667
2015-02-15,3.0638888888888887,0.6541666666666667,10.6803375
2015-02-16,2.329166666666666,0.7783333333333333,5.8865625
2015-02-17,0.6370370370370372,0.71375,8.668508333333333
2015-02-18,-0.9969907407407407,0.6320833333333333,5.833566666666667
2015-02-19,-0.6349537037037036,0.7779166666666666,6.879395833333334
2015-02-20,0.9668981481481483,0.7625000000000001,6.1723375
2015-02-21,4.236805555555556,0.66,12.109883333333334
2015-02-22,7.402083333333334,0.7341666666666667,18.8390125
2015-02-23,7.405324074074073,0.9241666666666667,11.1754125
2015-02-24,8.003703703703703,0.8629166666666667,9.0965
2015-02-25,6.949537037037037,0.9358333333333334,11.593341666666667
2015-02-26,6.046296296296297,0.9179166666666667,11.186816666666667
2015-02-27,6.281712962962963,0.8595833333333333,7.764225
2015-02-28,6.521064814814815,0.8879166666666666,10.899029166666667
2015-03-01,6.3687499999999995,0.8908333333333333,8.991850000000001
2015-03-02,8.004861111111111,0.8283333333333333,17.236391666666666
2015-03-03,5.676851851851851,0.6095833333333334,24.47334166666667
2015-03-04,4.8125,0.6633333333333333,13.144979166666667
2015-03-05,4.543287037037037,0.6291666666666667,22.94920833333333
2015-03-06,4.517592592592592,0.6108333333333333,26.609275
2015-03-07,3.41412037037037,0.605,12.859875
2015-03-08,2.9812499999999997,0.6683333333333333,4.946054166666667
2015-03-09,4.481481481481482,0.6625,5.6973875000000005
2015-03-10,6.692361111111111,0.6191666666666666,5.359958333333334
2015-03-11,8.583101851851852,0.6066666666666667,10.096041666666666
2015-03-12,5.863194444444445,0.8304166666666667,20.729420833333336
2015-03-13,5.327777777777778,0.8795833333333333,12.4614
2015-03-14,5.409490740740741,0.8666666666666667,3.9928000000000003
2015-03-15,6.683796296296297,0.82125,7.567
2015-03-16,9.519675925925926,0.6925,14.919333333333334
2015-03-17,8.18912037037037,0.6641666666666667,10.248320833333333
2015-03-18,6.835416666666667,0.5520833333333334,10.929216666666667
2015-03-19,5.867592592592593,0.5229166666666667,15.982604166666667
2015-03-20,4.7972222222222225,0.5908333333333333,6.247470833333334
2015-03-21,7.047222222222222,0.5229166666666667,12.628437500000002
2015-03-22,7.384722222222223,0.5962500000000001,10.342908333333334
2015-03-23,6.541203703703704,0.58,14.437004166666668
2015-03-24,9.425694444444444,0.6366666666666666,18.810166666666667
2015-03-25,12.149768518518519,0.6158333333333333,24.424370833333338
2015-03-26,14.263888888888888,0.605,17.595958333333332
2015-03-27,12.048379629629629,0.6895833333333333,17.59864166666667
2015-03-28,9.206249999999999,0.7204166666666666,23.57845
2015-03-29,9.510386473429952,0.59,12.384400000000001
2015-03-30,9.66550925925926,0.7366666666666667,17.722745833333335
2015-03-31,8.734722222222222,0.6545833333333333,19.7526875
2015-04-01,8.780787037037037,0.5595833333333333,25.084470833333338
2015-04-02,7.522453703703704,0.5279166666666667,25.120695833333333
2015-04-03,5.137037037037037,0.5983333333333333,28.9256625
2015-04-04,6.156481481481481,0.5254166666666666,7.0618625
2015-04-05,7.329629629629629,0.5599999999999999,13.925158333333334
2015-04-06,6.082638888888888,0.515,22.268312500000004
2015-04-07,6.793518518518518,0.5429166666666666,28.452054166666667
2015-04-08,6.806712962962963,0.5941666666666666,12.6807625
2015-04-09,9.781018518518518,0.53625,15.2004125
2015-04-10,10.346990740740742,0.43875,8.402858333333333
2015-04-11,13.694212962962963,0.46625,10.454937500000002
2015-04-12,15.86412037037037,0.5195833333333334,13.7192125
2015-04-13,15.71898148148148,0.5287499999999999,13.438804166666669
2015-04-14,12.030555555555557,0.41625,18.423095833333335
2015-04-15,14.94976851851852,0.48291666666666666,11.247862500000002
2015-04-16,17.82916666666667,0.46125,15.371475000000002
2015-04-17,17.041203703703705,0.5016666666666666,22.5098125
2015-04-18,10.508564814814816,0.7195833333333334,12.690154166666668
2015-04-19,6.831250000000001,0.6295833333333333,5.865095833333334
2015-04-20,10.405092592592593,0.5191666666666667,18.675329166666668
2015-04-21,11.337037037037037,0.4991666666666667,10.380475
2015-04-22,11.789814814814816,0.51625,11.284758333333334
2015-04-23,13.048611111111112,0.45125,9.332633333333334
2015-04-24,14.56273148148148,0.5070833333333333,5.968404166666667
2015-04-25,15.763194444444444,0.5916666666666667,9.219262500000001
2015-04-26,16.366435185185185,0.5954166666666666,10.099395833333334
2015-04-27,18.27662037037037,0.57,8.577275
2015-04-28,16.930787037037035,0.61125,13.77355
2015-04-29,9.114814814814816,0.8054166666666666,18.349304166666666
2015-04-30,11.50949074074074,0.63375,3.876075
2015-05-01,15.632870370370371,0.6062500000000001,14.766383333333335
2015-05-02,14.263425925925924,0.8375,18.2574
2015-05-03,13.931642512077293,0.7526086956521738,6.3182
2015-05-04,19.574768518518518,0.7050000000000001,9.749891666666667
2015-05-05,21.341435185185187,0.69125,8.078175
2015-05-06,22.224999999999998,0.6775000000000001,15.002516666666667
2015-05-07,18.456712962962964,0.6508333333333334,15.025995833333333
2015-05-08,17.215740740740742,0.5320833333333334,10.1490375
2015-05-09,18.2125,0.5091666666666667,8.372670833333334
2015-05-10,17.954166666666666,0.5766666666666667,20.127683333333334
2015-05-11,14.765046296296298,0.5945833333333334,16.9754375
2015-05-12,16.35185185185185,0.5729166666666666,6.400420833333334
2015-05-13,19.927314814814814,0.56375,7.511991666666667
2015-05-14,18.187962962962963,0.7475,15.706891666666666
2015-05-15,13.819907407407408,0.7770833333333332,9.906866666666668
2015-05-16,15.105324074074074,0.7608333333333333,8.235820833333333
2015-05-17,17.625694444444445,0.6529166666666667,11.714091666666667
2015-05-18,17.641203703703706,0.5745833333333333,7.145716666666668
2015-05-19,22.028240740740742,0.52,9.054237500000001
2015-05-20,22.343055555555555,0.6220833333333333,16.346866666666667
2015-05-21,16.767592592592592,0.8120833333333333,13.548820833333336
2015-05-22,15.73425925925926,0.93125,14.811329166666667
2015-05-23,15.96111111111111,0.8316666666666667,11.746291666666666
2015-05-24,17.229398148148146,0.8254166666666666,13.188583333333334
2015-05-25,15.386342592592593,0.8970833333333333,14.496708333333332
2015-05-26,15.684259259259258,0.8708333333333332,10.090675000000001
2015-05-27,12.73564814814815,0.8670833333333333,14.468533333333333
2015-05-28,12.442129629629632,0.7633333333333333,7.241645833333334
2015-05-29,14.66689814814815,0.685,4.865554166666667
2015-05-30,18.041666666666668,0.6708333333333334,7.748125000000001
2015-05-31,18.919212962962963,0.69375,7.140350000000001
2015-06-01,20.733796296296294,0.6504166666666666,5.0050875
2015-06-02,22.568518518518516,0.5812499999999999,8.121108333333334
2015-06-03,23.028240740740742,0.6025,2.5880750000000003
2015-06-04,23.73888888888889,0.6654166666666667,7.762883333333334
2015-06-05,21.4712962962963,0.5604166666666667,15.430508333333334
2015-06-06,22.095138888888886,0.6233333333333334,6.064333333333334
2015-06-07,23.173148148148147,0.5925,8.135866666666667
2015-06-08,22.884722222222223,0.6416666666666667,6.091166666666667
2015-06-09,22.548842592592592,0.71375,9.729766666666668
2015-06-10,22.537499999999998,0.6616666666666667,13.827887500000001
2015-06-11,23.126388888888886,0.69875,6.370904166666667
2015-06-12,24.536342592592593,0.6358333333333334,8.1848375
2015-06-13,24.842361111111114,0.6029166666666667,12.490245833333335
2015-06-14,25.243750000000002,0.62625,12.6244125
2015-06-15,23.524768518518517,0.6608333333333333,11.939491666666667
2015-06-16,20.45023148148148,0.6941666666666667,14.273991666666667
2015-06-17,17.452546296296298,0.5941666666666666,16.34082916666667
2015-06-18,17.537037037037038,0.5916666666666667,13.5944375
2015-06-19,17.77037037037037,0.6829166666666667,12.6385
2015-06-20,17.586342592592594,0.6083333333333333,13.638041666666668
2015-06-21,16.57800925925926,0.59875,13.096008333333332
2015-06-22,17.615972222222222,0.5645833333333333,8.017129166666667
2015-06-23,16.89953703703704,0.6479166666666667,14.444383333333334
2015-06-24,13.999305555555557,0.8666666666666667,10.332175000000001
2015-06-25,15.589120370370372,0.7845833333333334,9.881375
2015-06-26,17.381481481481483,0.7174999999999999,14.672466666666667
2015-06-27,19.566898148148148,0.66375,8.137208333333334
2015-06-28,20.066203703703703,0.7158333333333333,12.560012500000001
2015-06-29,20.599305555555556,0.7020833333333334,8.952941666666666
2015-06-30,19.719444444444445,0.7075,8.2532625
2015-07-01,21.380787037037038,0.655,5.5384
2015-07-02,22.805324074074075,0.6120833333333333,6.918304166666666
2015-07-03,22.131712962962965,0.5579166666666667,11.522233333333334
2015-07-04,23.328935185185188,0.61,5.6611625
2015-07-05,24.86967592592593,0.58875,7.8869875
2015-07-06,26.355787037037036,0.5645833333333333,6.100558333333333
2015-07-07,27.64375,0.5779166666666667,7.463020833333334
2015-07-08,27.582870370370372,0.5729166666666666,12.6244125
2015-07-09,18.677314814814814,0.7999999999999999,13.795016666666669
2015-07-10,18.447916666666668,0.5795833333333333,13.635358333333334
2015-07-11,19.736574074074074,0.6062500000000001,6.345412499999999
2015-07-12,22.380092592592593,0.6104166666666667,4.971545833333333
2015-07-13,19.664814814814815,0.7870833333333334,10.597825
2015-07-14,21.9037037037037,0.6775000000000001,12.859204166666666
2015-07-15,23.60185185185185,0.625,14.6047125
2015-07-16,24.886574074074076,0.6120833333333333,4.450979166666667
2015-07-17,27.58564814814815,0.5520833333333334,9.1830375
2015-07-18,28.712500000000002,0.5675,6.469516666666667
2015-07-19,27.986111111111114,0.5666666666666667,8.95965
2015-07-20,26.78657407407408,0.6129166666666667,11.504791666666668
2015-07-21,26.42222222222222,0.5804166666666667,4.646191666666667
2015-07-22,28.375,0.5516666666666666,6.109279166666667
2015-07-23,29.221759259259258,0.5116666666666666,11.573216666666667
2015-07-24,28.041666666666668,0.5399999999999999,7.181941666666667
2015-07-25,28.29513888888889,0.5133333333333333,10.157087500000001
2015-07-26,21.911342592592593,0.5858333333333333,14.957570833333333
2015-07-27,17.406712962962963,0.80125,5.09565
2015-07-28,19.97222222222222,0.7508333333333334,7.302691666666667
2015-07-29,21.959490740740744,0.6245833333333334,11.743608333333334
2015-07-30,19.365972222222222,0.7733333333333333,14.366566666666666
2015-07-31,18.336111111111112,0.74375,8.109033333333334
2015-08-01,19.508564814814815,0.6141666666666666,5.2714083333333335
2015-08-02,23.934490740740742,0.6441666666666667,12.579466666666667
2015-08-03,24.852083333333336,0.7133333333333334,10.2416125
2015-08-04,25.17986111111111,0.7329166666666667,6.436645833333333
2015-08-05,26.11481481481481,0.6825,6.6432625
2015-08-06,25.99837962962963,0.6658333333333334,7.9916375
2015-08-07,26.917592592592595,0.59,6.150200000000001
2015-08-08,27.817592592592593,0.5283333333333333,6.1280624999999995
2015-08-09,26.49490740740741,0.4995833333333333,7.613287500000001
2015-08-10,26.350694444444443,0.50375,4.239666666666667
2015-08-11,26.355324074074076,0.48666666666666664,6.067687500000001
2015-08-12,27.654398148148147,0.45458333333333334,6.1441625
2015-08-13,27.681481481481484,0.48208333333333336,8.510191666666667
2015-08-14,27.39537037037037,0.5025000000000001,7.208775
2015-08-15,26.92152777777778,0.53,4.583804166666667
2015-08-16,26.684490740740742,0.57875,11.325008333333335
2015-08-17,22.01226851851852,0.8312499999999999,9.530529166666668
2015-08-18,18.997916666666665,0.8983333333333333,14.390716666666668
2015-08-19,19.652314814814815,0.7916666666666666,7.648170833333334
2015-08-20,18.300462962962964,0.9191666666666666,7.1162
2015-08-21,16.630324074074075,0.9383333333333334,9.113941666666667
2015-08-22,17.773611111111112,0.8554166666666667,5.782583333333334
2015-08-23,18.38773148148148,0.8008333333333333,2.627654166666667
2015-08-24,20.519444444444442,0.6862499999999999,8.208987500000001
2015-08-25,22.826620370370367,0.6625,11.659083333333333
2015-08-26,20.3625,0.72625,6.957883333333334
2015-08-27,22.863657407407405,0.6766666666666667,5.2351833333333335
2015-08-28,24.836111111111112,0.6,7.204750000000001
2015-08-29,25.8125,0.6420833333333333,3.794904166666667
2015-08-30,26.126157407407405,0.6308333333333334,5.3210500000000005
2015-08-31,26.331712962962964,0.58875,8.131170833333334
2015-09-01,25.84097222222222,0.5995833333333334,6.403104166666666
2015-09-02,24.558101851851855,0.6020833333333333,8.6960125
2015-09-03,23.235353535353536,0.6427272727272727,6.905436363636364
2015-09-04,22.29074074074074,0.7308333333333333,8.554466666666668
2015-09-05,18.41111111111111,0.9108333333333333,6.975325000000001
2015-09-06,17.209027777777777,0.6766666666666667,16.749366666666667
2015-09-07,14.282638888888888,0.6045833333333334,13.664875
2015-09-08,13.52060185185185,0.6587500000000001,9.065641666666666
2015-09-09,13.242592592592592,0.6116666666666667,4.777675
2015-09-10,13.00162037037037,0.8479166666666668,11.685245833333333
2015-09-11,14.81273148148148,0.9225,8.294854166666667
2015-09-12,15.974166666666665,0.8244999999999999,3.51946
2015-09-13,17.494444444444444,0.7233333333333333,7.715477777777778
2015-09-14,21.134027777777778,0.6525,18.792725
2015-09-15,24.192777777777778,0.564,16.348745
2015-09-16,23.67476851851852,0.615,15.627062500000001
2015-09-17,26.406712962962967,0.55875,14.754979166666667
2015-09-18,25.46875,0.6195833333333334,5.404904166666667
2015-09-19,23.577314814814816,0.6475,11.9804125
2015-09-20,19.144675925925927,0.7995833333333334,15.223891666666667
2015-09-21,15.81226851851852,0.6966666666666667,12.977270833333334
2015-09-22,15.43888888888889,0.6887500000000001,7.044420833333334
2015-09-23,19.869212962962962,0.6829166666666667,9.403070833333333
2015-09-24,20.23287037037037,0.7079166666666666,10.101408333333334
2015-09-25,16.45347222222222,0.87125,10.424750000000001
2015-09-26,15.040972222222223,0.9183333333333333,6.621125
2015-09-27,15.213194444444445,0.725,19.366958333333333
2015-09-28,12.513425925925928,0.7566666666666667,21.463983333333335
2015-09-29,11.764814814814814,0.8483333333333333,18.172875
2015-09-30,12.70300925925926,0.6495833333333333,18.7625375
2015-10-01,11.262037037037038,0.6795833333333333,9.073691666666667
2015-10-02,11.42314814814815,0.7270833333333333,4.872933333333333
2015-10-03,14.20439814814815,0.7508333333333334,7.4422250000000005
2015-10-04,16.770833333333332,0.7225,8.747666666666667
2015-10-05,15.909490740740742,0.8608333333333333,7.785020833333333
2015-10-06,12.995601851851852,0.9391666666666666,4.811216666666667
2015-10-07,13.636342592592593,0.8933333333333334,6.6365541666666665
2015-10-08,13.207175925925926,0.7770833333333332,12.818283333333333
2015-10-09,11.84513888888889,0.80125,6.8512208333333335
2015-10-10,12.409027777777778,0.9070833333333334,8.564529166666667
2015-10-11,11.025,0.9608333333333333,19.344820833333333
2015-10-12,7.334953703703704,0.8887499999999999,13.079908333333334
2015-10-13,9.364814814814816,0.8108333333333334,9.799533333333335
2015-10-14,11.00162037037037,0.8612500000000001,17.218950000000003
2015-10-15,13.115277777777777,0.8266666666666667,23.747500000000002
2015-10-16,13.160648148148148,0.8408333333333333,22.66812916666667
2015-10-17,11.733796296296296,0.9474999999999999,8.690645833333333
2015-10-18,10.855787037037038,0.96625,3.925045833333334
2015-10-19,12.127777777777778,0.94875,7.5187
2015-10-20,9.763657407407408,0.8908333333333333,16.582329166666668
2015-10-21,6.812962962962963,0.87,9.948458333333333
2015-10-22,5.337962962962963,0.9216666666666667,9.384287500000001
2015-10-23,7.355787037037037,0.8829166666666667,7.302020833333334
2015-10-24,7.584953703703704,0.8529166666666667,4.607954166666667
2015-10-25,7.863333333333332,0.8416,3.6250760000000004
2015-10-26,9.724537037037036,0.82,5.322391666666667
2015-10-27,8.807638888888889,0.7770833333333332,6.160933333333333
2015-10-28,9.152314814814813,0.7937500000000001,10.236245833333333
2015-10-29,9.410416666666666,0.6766666666666667,10.983554166666666
2015-10-30,7.744675925925925,0.76375,3.2273791666666667
2015-10-31,6.419675925925926,0.8412499999999999,4.806520833333334
2015-11-01,4.315509259259259,0.7554166666666666,3.939133333333334
2015-11-02,3.7122685185185182,0.7999999999999999,1.2450666666666665
2015-11-03,2.458101851851852,0.8758333333333334,1.8407666666666669
2015-11-04,1.2254629629629632,0.9308333333333333,3.7761208333333336
2015-11-05,2.234027777777778,0.9195833333333333,2.4887916666666667
2015-11-06,1.4120370370370365,0.9841666666666667,3.2374416666666668
2015-11-07,3.838194444444445,0.97125,8.13855
2015-11-08,11.186574074074073,0.8691666666666666,8.323029166666666
2015-11-09,10.227314814814816,0.8516666666666667,8.0198125
2015-11-10,14.604861111111111,0.7354166666666666,11.206270833333335
2015-11-11,15.766203703703704,0.7025,14.523541666666667
2015-11-12,12.453703703703702,0.8083333333333332,6.287050000000001
2015-11-13,8.733333333333333,0.8475,4.047808333333333
2015-11-14,7.751620370370371,0.6983333333333334,10.239600000000001
2015-11-15,9.722222222222223,0.625,9.384958333333335
2015-11-16,13.387962962962964,0.70375,20.0284
2015-11-17,9.084299516908212,0.7960869565217391,6.542200000000001
2015-11-18,10.980092592592593,0.7225,9.625116666666667
2015-11-19,9.611805555555556,0.7775,5.960354166666666
2015-11-20,11.191203703703705,0.74375,15.284266666666667
2015-11-21,8.069444444444445,0.8508333333333334,18.149395833333333
2015-11-22,3.3351851851851855,0.9245833333333334,9.966570833333334
2015-11-23,2.7240740740740743,0.7808333333333333,6.1481875
2015-11-24,2.329398148148148,0.7491666666666666,10.456279166666667
2015-11-25,2.1307870370370368,0.8279166666666667,6.6942458333333335
2015-11-26,2.0678240740740748,0.86,13.337508333333334
2015-11-27,2.765509259259259,0.90625,13.1798625
2015-11-28,1.7159722222222218,0.9245833333333334,11.677195833333334
2015-11-29,4.835648148148148,0.7595833333333334,16.184525
2015-11-30,6.244907407407407,0.8183333333333334,10.412004166666668
2015-12-01,9.130092592592593,0.7608333333333334,17.531558333333333
2015-12-02,7.104166666666667,0.8058333333333333,13.64475
2015-12-03,5.994212962962963,0.9195833333333333,4.184658333333334
2015-12-04,5.5837962962962955,0.9674999999999999,5.390816666666667
2015-12-05,5.405092592592593,0.9095833333333333,5.869120833333334
2015-12-06,4.586342592592593,0.9554166666666667,11.7469625
2015-12-07,3.545833333333334,0.9625,4.764258333333333
2015-12-08,4.1275462962962965,0.9170833333333334,5.1560250000000005
2015-12-09,4.2,0.9229166666666667,5.038629166666667
2015-12-10,4.5442129629629635,0.9095833333333334,7.3563583333333336
2015-12-11,3.3347222222222226,0.9266666666666667,5.376729166666667
2015-12-12,-0.42407407407407366,0.9733333333333333,9.861920833333334
2015-12-13,-0.19537037037037028,0.9733333333333333,11.260608333333336
2015-12-14,0.6807870370370374,0.9483333333333334,6.620454166666668
2015-12-15,0.006712962962963112,0.9579166666666667,5.275433333333334
2015-12-16,1.4520833333333327,0.9258333333333333,5.3935
2015-12-17,1.163888888888888,0.9020833333333332,9.213225
2015-12-18,2.202777777777778,0.9033333333333333,8.602766666666668
2015-12-19,3.505555555555555,0.92875,4.734741666666667
2015-12-20,3.5388888888888883,0.9529166666666667,7.269150000000001
2015-12-21,2.6564814814814808,0.9766666666666667,9.507720833333334
2015-12-22,3.0004629629629633,0.9720833333333333,8.201608333333334
2015-12-23,4.256481481481481,0.9183333333333333,7.124920833333334
2015-12-24,1.0305555555555557,0.9841666666666667,4.652229166666667
2015-12-25,2.67962962962963,0.9820833333333333,6.5936208333333335
2015-12-26,2.3020833333333335,0.985,11.589316666666667
2015-12-27,0.7729166666666671,0.975,5.491441666666667
2015-12-28,-0.36921296296296297,0.9733333333333333,4.939345833333333
2015-12-29,1.898842592592593,0.9575,11.247191666666668
2015-12-30,-0.903009259259259,0.7687499999999999,14.082804166666667
2015-12-31,-4.228935185185185,0.7754166666666666,9.064300000000001
2016-01-01,-4.935416666666667,0.7854166666666668,5.838933333333333
2016-01-02,-4.531481481481481,0.7795833333333334,11.685245833333333
2016-01-03,-5.835648148148149,0.7279166666666667,12.172941666666667
2016-01-04,-7.652777777777778,0.7979166666666666,12.529154166666666
2016-01-05,-3.6097222222222225,0.9295833333333333,6.545991666666667
2016-01-06,-0.6664351851851852,0.9325,13.508570833333335
2016-01-07,-0.7833333333333333,0.9874999999999999,14.231729166666668
2016-01-08,-2.366203703703704,0.975,7.097416666666667
2016-01-09,1.65787037037037,0.8629166666666667,10.0282875
2016-01-10,3.639351851851852,0.9716666666666667,9.230666666666666
2016-01-11,8.798842592592592,0.84875,19.4830125
2016-01-12,6.673148148148148,0.8775,14.545679166666666
2016-01-13,3.5863425925925925,0.8654166666666666,11.051979166666667
2016-01-14,3.9569444444444444,0.7820833333333334,13.646762500000001
2016-01-15,2.403009259259259,0.9241666666666667,10.302658333333333
2016-01-16,-0.025000000000000067,0.85125,13.632675
2016-01-17,-2.548842592592593,0.7083333333333334,25.285720833333333
2016-01-18,-2.822453703703703,0.7091666666666666,19.30859583333333
2016-01-19,-3.3937500000000003,0.7470833333333333,6.252166666666667
2016-01-20,-3.8245370370370373,0.79625,8.3619375
2016-01-21,-2.1886574074074074,0.80125,10.6803375
2016-01-22,-4.980555555555555,0.7954166666666667,4.2530833333333335
2016-01-23,-5.0062500000000005,0.8624999999999999,8.799320833333335
2016-01-24,-2.8071759259259257,0.9383333333333334,4.9232458333333335
2016-01-25,0.09837962962962998,0.9370833333333333,10.8654875
2016-01-26,2.5430555555555547,0.9804166666666667,5.990541666666666
2016-01-27,2.3606481481481487,0.9874999999999999,8.871770833333334
2016-01-28,5.349074074074074,0.9158333333333334,10.7205875
2016-01-29,2.8780092592592594,0.97375,4.770966666666667
2016-01-30,2.8914351851851854,0.97625,12.104516666666667
2016-01-31,7.339351851851852,0.815,16.354916666666668
2016-02-01,6.888657407407408,0.9508333333333333,13.948637499999998
2016-02-02,8.752083333333333,0.9220833333333333,9.060945833333333
2016-02-03,8.38935185185185,0.9379166666666667,11.428316666666667
2016-02-04,4.023148148148148,0.7958333333333334,20.583179166666667
2016-02-05,2.106018518518519,0.8308333333333334,11.019108333333334
2016-02-06,2.6421296296296295,0.785,13.784283333333335
2016-02-07,4.073842592592593,0.7591666666666667,17.636879166666667
2016-02-08,6.982407407407408,0.7341666666666667,17.5188125
2016-02-09,10.291666666666666,0.7316666666666666,15.932291666666666
2016-02-10,7.4907407407407405,0.8125,27.189545833333337
2016-02-11,4.837268518518519,0.7204166666666666,12.200445833333333
2016-02-12,4.325694444444444,0.7958333333333334,15.580775000000001
2016-02-13,6.486805555555556,0.8508333333333334,18.066212500000002
2016-02-14,9.361342592592592,0.8183333333333334,17.520825000000002
2016-02-15,9.09520202020202,0.9381818181818182,11.00508181818182
2016-02-16,5.985879629629629,0.96375,9.8189875
2016-02-17,7.747222222222223,0.8679166666666666,15.427154166666668
2016-02-18,8.433091787439613,0.8673913043478261,14.4515
2016-02-19,5.860879629629629,0.88625,18.037366666666667
2016-02-20,3.8027777777777776,0.7954166666666667,12.366141666666666
2016-02-21,6.373148148148148,0.7983333333333333,12.4191375
2016-02-22,10.173148148148147,0.7604166666666666,15.912166666666666
2016-02-23,9.993518518518519,0.8958333333333334,10.9540375
2016-02-24,5.558101851851852,0.7575,16.868104166666665
2016-02-25,2.9958333333333336,0.87125,10.0625
2016-02-26,3.3601851851851854,0.9187500000000001,9.227983333333334
2016-02-27,3.0148148148148146,0.8533333333333334,8.991179166666667
2016-02-28,6.833564814814815,0.8429166666666666,19.572233333333333
2016-02-29,9.869212962962964,0.8029166666666666,16.416633333333333
2016-03-01,6.163888888888889,0.8883333333333333,18.389554166666667
2016-03-02,4.5048611111111105,0.76625,12.884025000000001
2016-03-03,6.197222222222222,0.7925,13.733970833333336
2016-03-04,6.607175925925926,0.9220833333333333,10.8292625
2016-03-05,6.734953703703703,0.8133333333333334,13.77355
2016-03-06,8.651388888888889,0.8229166666666666,15.166200000000002
2016-03-07,9.394212962962962,0.8791666666666668,9.741841666666668
2016-03-08,6.705555555555556,0.8491666666666666,8.883175
2016-03-09,6.238194444444445,0.8554166666666667,10.838654166666666
2016-03-10,8.530555555555555,0.8645833333333334,15.724333333333334
2016-03-11,8.874074074074075,0.8858333333333334,8.539037500000001
2016-03-12,7.647222222222222,0.8641666666666666,9.757941666666667
2016-03-13,8.290740740740741,0.7583333333333333,21.631020833333334
2016-03-14,5.620833333333334,0.6383333333333333,24.8080875
2016-03-15,2.289814814814815,0.87875,6.228016666666668
2016-03-16,6.122685185185186,0.7820833333333334,7.130958333333333
2016-03-17,6.58263888888889,0.6725,5.698729166666666
2016-03-18,6.860185185185185,0.6808333333333333,9.142116666666668
2016-03-19,6.677083333333333,0.6904166666666667,9.910891666666668
2016-03-20,7.066203703703704,0.6233333333333334,5.664516666666667
2016-03-21,7.631481481481482,0.6658333333333334,12.156170833333334
2016-03-22,7.783564814814816,0.6783333333333333,8.302233333333334
2016-03-23,4.735802469135803,0.885,12.039222222222222
2016-03-24,6.17800925925926,0.5945833333333334,18.229225
2016-03-25,4.823148148148148,0.5875,10.155745833333333
2016-03-26,7.71875,0.7170833333333334,9.735804166666666
2016-03-27,7.298309178743962,0.8182608695652174,10.0191
2016-03-28,7.565740740740741,0.76375,5.304950000000001
2016-03-29,12.000694444444443,0.7458333333333332,8.884516666666666
2016-03-30,12.874537037037037,0.7266666666666667,12.649233333333335
2016-03-31,16.02777777777778,0.6133333333333334,14.925370833333334
2016-04-01,16.022916666666664,0.60125,19.24889166666667
2016-04-02,10.454589371980676,0.4839130434782608,18.123
2016-04-03,12.706712962962962,0.57625,10.181908333333334
2016-04-04,16.025694444444444,0.5820833333333334,11.794591666666667
2016-04-05,18.35763888888889,0.5391666666666667,14.452433333333333
2016-04-06,18.150694444444444,0.5695833333333333,11.606087500000001
2016-04-07,17.800462962962964,0.61,8.505495833333333
2016-04-08,16.16736111111111,0.7904166666666667,12.527141666666667
2016-04-09,12.315277777777778,0.8675,14.208250000000001
2016-04-10,10.588657407407407,0.7883333333333332,15.070270833333334
2016-04-11,12.203703703703702,0.73875,10.513970833333333
2016-04-12,14.20972222222222,0.6754166666666667,9.680125
2016-04-13,15.941435185185185,0.6491666666666667,10.383158333333334
2016-04-14,15.27175925925926,0.6533333333333333,19.8130625
2016-04-15,14.266203703703704,0.5804166666666667,18.088350000000002
2016-04-16,17.190046296296295,0.5175,18.570008333333334
2016-04-17,18.105324074074073,0.545,11.983095833333335
2016-04-18,18.18726851851852,0.6116666666666667,9.629141666666667
2016-04-19,12.492824074074074,0.7458333333333332,16.701066666666666
2016-04-20,11.19050925925926,0.5308333333333334,18.991291666666665
2016-04-21,10.814351851851852,0.5504166666666667,6.668083333333333
2016-04-22,13.798379629629629,0.5120833333333333,8.253933333333334
2016-04-23,15.108796296296296,0.5729166666666666,6.190450000000001
2016-04-24,9.79212962962963,0.9108333333333333,19.796291666666665
2016-04-25,6.046296296296297,0.8570833333333333,16.888229166666665
2016-04-26,7.602777777777778,0.6479166666666667,11.312933333333334
2016-04-27,9.711111111111112,0.6983333333333334,19.7043875
2016-04-28,8.983564814814814,0.74125,7.908454166666668
2016-04-29,9.926851851851852,0.8516666666666667,11.164679166666668
2016-04-30,11.282175925925925,0.7799999999999999,3.491016666666667
2016-05-01,13.61712962962963,0.7975,11.5899875
2016-05-02,13.948611111111111,0.8450000000000001,10.707841666666667
2016-05-03,14.003472222222221,0.7799999999999999,11.481983333333334
2016-05-04,14.235416666666666,0.7541666666666668,17.1948
2016-05-05,15.998842592592593,0.63125,16.684966666666668
2016-05-06,15.731250000000001,0.6216666666666667,11.673841666666668
2016-05-07,15.862268518518519,0.5375,11.480641666666665
2016-05-08,13.942824074074075,0.6041666666666666,7.603225000000001
2016-05-09,15.551157407407407,0.6116666666666667,4.7910916666666665
2016-05-10,14.276620370370372,0.7979166666666666,9.7988625
2016-05-11,16.116203703703704,0.8195833333333334,6.9947791666666665
2016-05-12,16.955324074074074,0.8658333333333333,11.753
2016-05-13,16.2375,0.7679166666666667,19.469595833333333
2016-05-14,14.950000000000001,0.8375,19.482341666666667
2016-05-15,10.933796296296295,0.8450000000000001,17.094175000000003
2016-05-16,10.291898148148148,0.69625,14.182087500000002
2016-05-17,10.225462962962963,0.6920833333333333,10.228195833333332
2016-05-18,12.357175925925924,0.665,8.536354166666667
2016-05-19,14.049074074074072,0.7195833333333334,9.906866666666668
2016-05-20,15.809259259259258,0.6595833333333333,12.262833333333333
2016-05-21,17.3125,0.585,11.765745833333334
2016-05-22,18.865277777777777,0.5733333333333334,6.655337500000001
2016-05-23,21.089814814814815,0.5891666666666667,9.094487500000001
2016-05-24,16.655555555555555,0.7987500000000001,11.557787500000002
2016-05-25,17.442824074074075,0.7675000000000001,17.815991666666665
2016-05-26,19.29074074074074,0.69375,8.7483375
2016-05-27,21.13888888888889,0.655,3.996825
2016-05-28,22.4162037037037,0.6254166666666666,7.340258333333334
2016-05-29,22.639120370370367,0.6666666666666666,9.586879166666668
2016-05-30,22.16898148148148,0.6841666666666667,7.161145833333333
2016-05-31,21.313888888888886,0.5916666666666667,12.608312500000002
2016-06-01,19.096527777777776,0.7129166666666666,7.1001
2016-06-02,17.52384259259259,0.82,9.879362500000001
2016-06-03,18.08888888888889,0.8329166666666666,4.258450000000001
2016-06-04,18.377314814814813,0.8825,6.612404166666667
2016-06-05,19.006944444444443,0.8595833333333333,7.1624875
2016-06-06,20.550231481481482,0.68125,13.866125000000002
2016-06-07,18.034953703703703,0.51375,13.475700000000002
2016-06-08,17.990277777777777,0.6129166666666667,3.7130625
2016-06-09,19.57638888888889,0.6166666666666667,4.9004375
2016-06-10,18.795370370370367,0.7741666666666668,7.099429166666667
2016-06-11,20.45787037037037,0.7425,9.34605
2016-06-12,18.53796296296296,0.8970833333333333,7.5126625
2016-06-13,17.8,0.9345833333333333,6.785479166666668
2016-06-14,20.058101851851852,0.75625,13.200658333333335
2016-06-15,18.779861111111114,0.8304166666666667,8.656433333333334
2016-06-16,22.546064814814812,0.6808333333333333,15.544550000000001
2016-06-17,26.63310185185185,0.5420833333333334,19.61919166666667
2016-06-18,22.169907407407408,0.6620833333333334,5.113091666666667
2016-06-19,20.63425925925926,0.7754166666666666,9.0099625
2016-06-20,21.66944444444444,0.8191666666666667,6.284366666666667
2016-06-21,21.590046296296293,0.8241666666666667,7.175233333333334
2016-06-22,25.046990740740743,0.7283333333333334,8.785233333333334
2016-06-23,26.438888888888886,0.6929166666666666,7.2932999999999995
2016-06-24,27.4974537037037,0.6816666666666666,9.800875
2016-06-25,26.857638888888886,0.6120833333333333,11.369283333333334
2016-06-26,26.11712962962963,0.6504166666666666,9.490279166666667
2016-06-27,22.91851851851852,0.7658333333333333,12.293020833333335
2016-06-28,20.44236111111111,0.7666666666666666,13.763487500000002
2016-06-29,21.934027777777775,0.6716666666666667,6.937758333333334
2016-06-30,23.766203703703706,0.6566666666666666,3.8338125
2016-07-01,25.27175925925926,0.6325,3.0905291666666668
2016-07-02,25.878472222222218,0.6516666666666667,5.957670833333334
2016-07-03,23.568749999999998,0.6737500000000001,15.420445833333334
2016-07-04,21.571527777777778,0.5454166666666667,11.5497375
2016-07-05,22.082407407407405,0.55375,5.054729166666667
2016-07-06,21.4400462962963,0.64625,10.532083333333334
2016-07-07,19.68912037037037,0.50375,14.863654166666668
2016-07-08,20.728472222222223,0.5258333333333334,5.6792750000000005
2016-07-09,22.243055555555557,0.5795833333333333,12.056216666666666
2016-07-10,22.761342592592595,0.5695833333333333,6.191791666666667
2016-07-11,25.158101851851853,0.5179166666666667,9.381604166666667
2016-07-12,26.829398148148147,0.53125,11.496741666666667
2016-07-13,28.37986111111111,0.5208333333333334,9.702933333333334
2016-07-14,20.112962962962964,0.77875,17.650295833333335
2016-07-15,18.08263888888889,0.6716666666666667,18.9235375
2016-07-16,16.662499999999998,0.8745833333333333,17.696583333333333
2016-07-17,15.694212962962963,0.9383333333333334,10.568308333333334
2016-07-18,21.095138888888886,0.7195833333333334,13.16175
2016-07-19,20.7837962962963,0.6933333333333334,9.248108333333333
2016-07-20,21.071064814814815,0.7170833333333334,7.459666666666667
2016-07-21,22.12546296296296,0.6816666666666666,5.754408333333333
2016-07-22,23.854166666666668,0.7033333333333333,5.302266666666667
2016-07-23,26.042824074074076,0.6645833333333333,3.804295833333333
2016-07-24,26.808101851851855,0.62125,9.506379166666667
2016-07-25,24.939814814814813,0.6754166666666667,10.821883333333332
2016-07-26,21.74189814814815,0.8708333333333332,5.2224375
2016-07-27,23.913888888888888,0.7633333333333333,1.9132166666666668
2016-07-28,23.678472222222222,0.7716666666666666,8.012433333333334
2016-07-29,22.955092592592592,0.8104166666666667,4.214175
2016-07-30,25.048379629629633,0.6983333333333333,3.5540750000000005
2016-07-31,26.03935185185185,0.65,8.9133625
2016-08-01,23.103472222222223,0.7308333333333333,13.33885
2016-08-02,21.4400462962963,0.7712500000000001,11.677866666666667
2016-08-03,21.548842592592592,0.6825,9.827708333333334
2016-08-04,23.469675925925927,0.6741666666666667,3.7144041666666667
2016-08-05,26.378009259259258,0.5808333333333333,15.932291666666666
2016-08-06,22.384953703703705,0.7333333333333334,15.656579166666667
2016-08-07,22.83842592592593,0.5820833333333334,15.532475
2016-08-08,21.185416666666665,0.5445833333333333,7.901075
2016-08-09,22.202083333333334,0.57875,3.8478999999999997
2016-08-10,22.15949074074074,0.6879166666666667,12.1394
2016-08-11,14.863425925925926,0.8708333333333332,11.7872125
2016-08-12,16.131481481481483,0.7129166666666666,8.164041666666668
2016-08-13,17.111342592592592,0.6979166666666666,3.9552333333333336
2016-08-14,20.515046296296294,0.6929166666666666,5.896625
2016-08-15,22.59351851851852,0.6533333333333333,6.287050000000001
2016-08-16,22.977546296296296,0.6041666666666666,8.026520833333334
2016-08-17,18.827546296296298,0.7925,8.730225
2016-08-18,19.341898148148147,0.7791666666666667,4.218870833333334
2016-08-19,21.663888888888888,0.6716666666666667,4.289979166666667
2016-08-20,22.69699074074074,0.7200000000000001,4.112208333333333
2016-08-21,24.350694444444446,0.6733333333333333,10.3362
2016-08-22,17.377777777777776,0.9129166666666667,11.001666666666667
2016-08-23,19.945833333333336,0.75875,15.040083333333333
2016-08-24,21.619212962962962,0.6479166666666667,15.026666666666669
2016-08-25,22.112037037037037,0.5945833333333334,14.384679166666666
2016-08-26,22.294444444444448,0.6279166666666667,6.6103916666666676
2016-08-27,22.81273148148148,0.5983333333333333,3.656041666666667
2016-08-28,22.96875,0.6154166666666666,3.118704166666667
2016-08-29,23.36273148148148,0.5883333333333333,3.752641666666667
2016-08-30,23.052083333333332,0.6370833333333333,13.088629166666665
2016-08-31,21.124537037037037,0.49374999999999997,12.486891666666667
2016-09-01,20.168287037037036,0.5329166666666666,5.2465874999999995
2016-09-02,20.59236111111111,0.5633333333333334,3.9760291666666667
2016-09-03,21.39884259259259,0.5858333333333333,5.656466666666667
2016-09-04,22.15300925925926,0.5916666666666667,5.046008333333334
2016-09-05,16.838657407407407,0.8729166666666667,10.121533333333334
2016-09-06,17.289583333333333,0.8133333333333334,9.002583333333334
2016-09-07,21.448379629629628,0.7304166666666667,8.2774125
2016-09-08,22.427314814814817,0.6220833333333333,6.578191666666666
2016-09-09,22.702546296296294,0.5954166666666667,8.471954166666668
2016-09-10,22.732870370370375,0.61125,7.424783333333334
2016-09-11,24.012962962962963,0.5904166666666667,6.2166125
2016-09-12,23.115740740740744,0.6216666666666667,5.860399999999999
2016-09-13,20.37314814814815,0.7570833333333334,6.087141666666668
2016-09-14,19.899768518518517,0.7608333333333333,3.617804166666667
2016-09-15,20.946064814814815,0.7141666666666667,4.138370833333334
2016-09-16,22.07523148148148,0.6804166666666666,7.589808333333334
2016-09-17,21.42152777777778,0.6941666666666667,9.335316666666667
2016-09-18,20.08564814814815,0.6683333333333333,6.752608333333334
2016-09-19,17.394675925925927,0.9045833333333334,9.401729166666668
2016-09-20,16.302083333333332,0.7362500000000001,17.409466666666667
2016-09-21,10.77037037037037,0.7625000000000001,4.713275
2016-09-22,12.921064814814814,0.7320833333333333,6.914279166666667
2016-09-23,12.959953703703704,0.7033333333333333,5.266041666666667
2016-09-24,14.239814814814814,0.7216666666666667,3.211279166666667
2016-09-25,14.140277777777778,0.745,7.204079166666667
2016-09-26,14.13564814814815,0.6704166666666667,7.409354166666667
2016-09-27,13.210648148148147,0.69125,2.9677666666666664
2016-09-28,14.825000000000001,0.6254166666666666,5.685983333333334
2016-09-29,16.681712962962962,0.6595833333333333,8.197583333333334
2016-09-30,17.090740740740742,0.68375,7.817220833333334
2016-10-01,16.862962962962964,0.6704166666666667,10.228866666666667
2016-10-02,17.38101851851852,0.7004166666666666,9.3359875
2016-10-03,15.035185185185185,0.8516666666666667,12.803525
2016-10-04,11.483333333333334,0.8845833333333334,17.864291666666666
2016-10-05,8.937268518518518,0.7095833333333333,18.008520833333332
2016-10-06,7.402777777777779,0.8420833333333334,14.3350375
2016-10-07,8.05625,0.9045833333333334,8.621550000000001
2016-10-08,7.3946759259259265,0.7770833333333332,6.478908333333334
2016-10-09,7.332407407407406,0.7845833333333333,3.8217375
2016-10-10,8.399537037037037,0.7525,8.257958333333333
2016-10-11,8.323842592592593,0.93375,9.119979166666667
2016-10-12,8.67037037037037,0.9166666666666666,16.190562500000002
2016-10-13,8.747916666666667,0.8191666666666667,10.979529166666667
2016-10-14,8.818055555555555,0.7795833333333334,10.303329166666666
2016-10-15,11.66388888888889,0.7425,12.038775
2016-10-16,12.333796296296297,0.8916666666666666,5.4438125
2016-10-17,11.021064814814816,0.8079166666666667,15.203095833333334
2016-10-18,9.49074074074074,0.6975000000000001,14.760345833333334
2016-10-19,9.106481481481483,0.7370833333333334,9.272929166666666
2016-10-20,9.960648148148147,0.7379166666666667,17.34775
2016-10-21,10.128240740740742,0.8929166666666667,11.803312500000002
2016-10-22,9.30462962962963,0.7970833333333333,8.918058333333333
2016-10-23,8.19699074074074,0.8525,7.0343583333333335
2016-10-24,11.331018518518519,0.8433333333333333,13.5058875
2016-10-25,13.830324074074076,0.7937500000000001,16.730583333333332
2016-10-26,11.701157407407408,0.8683333333333333,11.276708333333334
2016-10-27,7.127314814814816,0.7637499999999999,12.291008333333332
2016-10-28,6.371990740740741,0.73,6.433291666666666
2016-10-29,9.10810185185185,0.7620833333333333,16.994891666666668
2016-10-30,6.844222222222222,0.7376,13.899452000000002
2016-10-31,6.8032407407407405,0.8191666666666667,8.733579166666667
2016-11-01,7.733333333333333,0.84125,4.450979166666667
2016-11-02,8.07476851851852,0.8104166666666667,6.951175
2016-11-03,7.440509259259259,0.8179166666666666,10.071891666666668
2016-11-04,7.254398148148148,0.8220833333333334,10.122204166666668
2016-11-05,7.069444444444444,0.8250000000000001,10.187945833333334
2016-11-06,6.88587962962963,0.8266666666666667,10.242283333333335
2016-11-07,6.703240740740742,0.82875,10.283204166666666
2016-11-08,6.521527777777778,0.8312499999999999,10.369741666666668
2016-11-09,6.341898148148148,0.8345833333333333,10.471708333333334
2016-11-10,6.1631944444444455,0.83625,10.552879166666667
2016-11-11,5.986111111111111,0.83875,10.5917875
2016-11-12,5.810185185185186,0.8416666666666667,10.5917875
2016-11-13,5.6372685185185185,0.8441666666666667,10.546841666666667
2016-11-14,5.464814814814815,0.8454166666666666,10.4227375
2016-11-15,5.294907407407408,0.84875,10.363704166666666
2016-11-16,5.125462962962962,0.8504166666666667,10.454266666666667
2016-11-17,4.958564814814815,0.8516666666666667,10.570320833333334
2016-11-18,4.794444444444443,0.8545833333333334,10.658870833333333
2016-11-19,4.631018518518519,0.8574999999999999,10.738029166666665
2016-11-20,4.470138888888889,0.8583333333333334,10.807795833333335
2016-11-21,4.311111111111111,0.8604166666666666,10.8493875
2016-11-22,4.154398148148148,0.8629166666666667,10.870854166666668
2016-11-23,3.9999999999999996,0.8645833333333334,10.902383333333333
2016-11-24,3.8465277777777778,0.86625,10.945316666666665
2016-11-25,3.696296296296296,0.86875,10.980200000000002
2016-11-26,3.547916666666667,0.87,10.997641666666667
2016-11-27,3.401851851851852,0.8704166666666667,11.005691666666666
2016-11-28,3.2581018518518516,0.8725,11.0103875
2016-11-29,3.117129629629629,0.875,11.009045833333333
2016-11-30,2.977777777777778,0.8770833333333333,11.009045833333333
2016-12-01,2.841898148148148,0.8783333333333333,11.023133333333334
2016-12-02,2.708101851851852,0.87875,11.058016666666667
2016-12-03,2.576851851851852,0.8804166666666666,11.082166666666666
2016-12-04,2.4486111111111106,0.8808333333333334,11.091558333333333
2016-12-05,2.3217592592592595,0.8825,11.091558333333333
2016-12-06,2.1986111111111115,0.8841666666666667,11.088204166666666
2016-12-07,2.0775462962962963,0.8849999999999999,11.072104166666668
2016-12-08,1.9599537037037036,0.8866666666666667,11.0446
2016-12-09,1.8451388888888889,0.8866666666666667,11.029841666666668
2016-12-10,1.7333333333333332,0.8870833333333333,11.037220833333334
2016-12-11,1.6231481481481478,0.8879166666666666,11.051979166666667
2016-12-12,1.5159722222222225,0.8887499999999999,11.077470833333335
2016-12-13,1.4129629629629632,0.89,11.092229166666668
2016-12-14,1.3113425925925926,0.8904166666666667,11.097595833333335
2016-12-15,1.2150462962962965,0.8904166666666667,11.088204166666666
2016-12-16,1.1194444444444445,0.8908333333333333,11.082166666666666
2016-12-17,1.0275462962962962,0.89125,11.089545833333334
2016-12-18,0.9386574074074074,0.8916666666666666,11.105645833333334
2016-12-19,0.8530092592592596,0.8916666666666666,11.111683333333334
2016-12-20,0.7699074074074076,0.8916666666666666,11.098266666666667
2016-12-21,0.6909722222222219,0.8920833333333333,11.064725000000001
2016-12-22,0.6141203703703703,0.8916666666666666,11.005020833333333
2016-12-23,0.541435185185185,0.8916666666666666,10.890308333333335
2016-12-24,0.47152777777777793,0.89125,10.89165
2016-12-25,0.4046296296296301,0.8904166666666667,10.952695833333335
2016-12-26,0.34074074074074084,0.89,10.974833333333335
2016-12-27,0.28032407407407406,0.89,10.980200000000002
2016-12-28,0.22430555555555567,0.89,10.969466666666667
2016-12-29,0.16967592592592587,0.8895833333333334,10.892991666666667
2016-12-30,0.1194444444444444,0.8891666666666667,10.806454166666667
2016-12-31,0.07245370370370376,0.8887499999999999,10.7648625
